,id,gr_liv_area,total_bsmt_sf,bedroom_abvgr,full_bath,half_bath,year_built,year_remod/add,condition_2_Feedr,condition_2_Norm,condition_2_PosA,condition_2_PosN,condition_2_RRAe,condition_2_RRAn,condition_2_RRNn,y_hat
0,2658,1928,1020,4,2,0,1910,1950,0.0,1,0,0.0,0.0,0.0,0.0,145484.42505188892
1,2718,1967,1967,6,2,0,1977,1977,0.0,1,0,0.0,0.0,0.0,0.0,223693.23479860742
2,2414,1496,654,3,2,1,2006,2006,0.0,1,0,0.0,0.0,0.0,0.0,184858.6383490553
3,1989,968,968,2,1,0,1923,2006,0.0,1,0,0.0,0.0,0.0,0.0,124090.19688858511
4,625,1394,1394,3,1,1,1963,1963,0.0,1,0,0.0,0.0,0.0,0.0,175634.01517048385
5,333,1092,546,3,1,1,1972,1972,0.0,1,0,0.0,0.0,0.0,0.0,111095.2320310236
6,1327,1093,869,2,1,0,1958,2006,0.0,1,0,0.0,0.0,0.0,0.0,153333.87796005094
7,858,1268,1268,3,1,1,1977,1989,0.0,1,0,0.0,0.0,0.0,0.0,178439.42645226652
8,95,1680,840,2,2,1,2004,2004,0.0,1,0,0.0,0.0,0.0,0.0,226580.56496001082
9,1568,1279,1196,3,2,0,1977,1977,0.0,1,0,0.0,0.0,0.0,0.0,159180.84943601675
10,2482,1217,1217,2,2,0,1991,1991,0.0,1,0,0.0,0.0,0.0,0.0,184890.7884279387
11,1364,1040,1040,2,1,0,1925,1992,0.0,1,0,0.0,0.0,0.0,0.0,129175.69303909736
12,2584,1375,1367,2,1,0,1954,1954,0.0,1,0,0.0,0.0,0.0,0.0,178008.0460989643
13,818,2787,1168,6,4,2,2000,2000,0.0,1,0,0.0,0.0,0.0,0.0,267217.9235438593
14,2673,1827,848,2,1,0,1924,1996,0.0,1,0,0.0,0.0,0.0,0.0,200671.6884046411
15,2089,1340,0,3,1,0,1957,2006,0.0,1,0,0.0,0.0,0.0,0.0,117453.2693398716
16,1297,1436,884,3,2,0,1940,1950,0.0,1,0,0.0,0.0,0.0,0.0,122117.47309035854
17,790,1073,1073,2,1,0,1956,1956,0.0,1,0,0.0,0.0,0.0,0.0,134551.7699413891
18,2616,1773,1313,3,2,0,1961,1992,0.0,1,0,0.0,0.0,0.0,0.0,213451.33617159724
19,720,1742,916,4,1,1,1882,1986,0.0,1,0,0.0,0.0,0.0,0.0,133344.17625906272
20,222,1060,1060,3,1,0,1968,2001,0.0,1,0,0.0,0.0,0.0,0.0,148465.98872609343
21,557,864,864,3,1,0,1961,1961,0.0,1,0,0.0,0.0,0.0,0.0,92968.416903554
22,1148,1617,1604,2,2,0,1993,1994,0.0,1,0,0.0,0.0,0.0,0.0,248819.48866823083
23,2766,988,938,1,1,0,1969,1969,0.0,1,0,0.0,0.0,0.0,0.0,148479.5128981634
24,534,1218,1218,3,1,1,2007,2007,0.0,1,0,0.0,0.0,0.0,0.0,198688.37349624792
25,1452,864,864,3,1,0,1972,1972,0.0,1,0,0.0,0.0,0.0,0.0,105336.40111935418
26,630,1738,715,4,2,0,1920,2007,0.0,1,0,0.0,0.0,0.0,0.0,146667.45588013437
27,2648,1750,636,3,1,0,1880,1991,0.0,1,0,0.0,0.0,0.0,0.0,136975.16253442364
28,125,1054,936,3,1,0,1963,1963,0.0,1,0,0.0,0.0,0.0,0.0,118435.06449415255
29,1904,670,370,2,1,0,1945,1950,0.0,1,0,0.0,0.0,0.0,0.0,46832.020198638085
30,1670,858,858,2,1,0,1971,1971,0.0,1,0,0.0,0.0,0.0,0.0,118391.35939036403
31,756,1208,780,2,1,0,1925,1950,0.0,1,0,0.0,0.0,0.0,0.0,110887.73071268527
32,717,2640,1240,4,1,1,1880,2003,0.0,1,0,0.0,0.0,0.0,0.0,249403.12205331074
33,1032,1178,1176,3,1,1,1973,2000,0.0,1,0,0.0,0.0,0.0,0.0,167759.42903062562
34,852,1492,1492,3,2,0,2001,2001,0.0,1,0,0.0,0.0,0.0,0.0,223743.67938068556
35,1731,1458,608,3,2,0,2006,2007,0.0,1,0,0.0,0.0,0.0,0.0,180409.1403140216
36,2639,1657,1147,4,1,0,1920,1980,0.0,1,0,0.0,0.0,0.0,0.0,157721.01839122595
37,2071,998,0,3,1,0,1945,1950,0.0,1,0,0.0,0.0,0.0,0.0,45857.705152189825
38,1267,910,105,3,1,0,1953,1996,0.0,1,0,0.0,0.0,0.0,0.0,71521.51969382912
39,1851,1358,1339,3,2,0,1999,2000,0.0,1,0,0.0,0.0,0.0,0.0,200198.34662875813
40,567,1224,612,2,2,1,2009,2009,0.0,1,0,0.0,0.0,0.0,0.0,173859.38807402365
41,2439,1886,930,4,2,1,1998,1999,0.0,1,0,0.0,0.0,0.0,0.0,215204.55000960734
42,1898,1327,1063,3,1,0,1959,2002,0.0,1,0,0.0,0.0,0.0,0.0,170524.55372019252
43,647,1363,1008,2,1,0,1951,2000,0.0,1,0,0.0,0.0,0.0,0.0,180753.63555373205
44,2256,1501,1501,2,2,0,1987,1987,0.0,1,0,0.0,0.0,0.0,0.0,224081.93615300767
45,979,1344,546,3,1,1,1970,2008,0.0,1,0,0.0,0.0,0.0,0.0,154308.1194596961
46,1444,1786,920,3,2,1,2001,2002,0.0,1,0,0.0,0.0,0.0,0.0,223246.700294381
47,2485,965,828,3,1,0,1965,1965,0.0,1,0,0.0,0.0,0.0,0.0,105599.82884442201
48,157,936,936,2,1,0,1956,2000,0.0,1,0,0.0,0.0,0.0,0.0,136647.9266555868
49,88,1040,1040,3,1,1,1963,1963,0.0,1,0,0.0,0.0,0.0,0.0,121252.29044181108
50,2003,1248,912,2,1,0,1930,1950,0.0,1,0,0.0,0.0,0.0,0.0,124671.36839086423
51,186,2268,346,3,3,0,1890,2002,0.0,1,0,0.0,0.0,0.0,0.0,164307.4830658608
52,1425,1615,1615,3,2,0,2007,2007,0.0,1,0,0.0,0.0,0.0,0.0,249403.72308458015
53,2695,1360,803,2,1,1,1938,1995,0.0,1,0,0.0,0.0,0.0,0.0,157642.78587372042
54,738,1142,468,3,1,0,1924,1950,0.0,1,0,0.0,0.0,0.0,0.0,72180.61341603287
55,395,1026,1026,3,1,0,1969,2005,0.0,1,0,0.0,0.0,0.0,0.0,145913.77665887913
56,1353,1820,1026,4,2,0,1925,1950,0.0,1,0,0.0,0.0,0.0,0.0,144248.65036538476
57,1878,1344,1024,2,1,0,1958,1983,0.0,1,0,0.0,0.0,0.0,0.0,174817.3642801619
58,390,1193,1176,3,2,0,1975,1975,0.0,1,0,0.0,0.0,0.0,0.0,147310.8735920703
59,1456,1865,992,3,2,1,2000,2000,0.0,1,0,0.0,0.0,0.0,0.0,233375.30451746006
60,1103,2006,1982,2,2,0,1998,1998,0.0,1,0,0.0,0.0,0.0,0.0,313293.7075069123
61,1387,1140,1300,3,1,0,1920,1950,0.0,1,0,0.0,0.0,0.0,0.0,112625.59721467504
62,2070,1176,1158,3,1,0,1958,1998,0.0,1,0,0.0,0.0,0.0,0.0,157324.07984896936
63,1199,1670,825,4,1,1,1971,1971,0.0,1,0,0.0,0.0,0.0,0.0,168058.9173421478
64,2479,1603,761,3,2,1,1992,1992,0.0,1,0,0.0,0.0,0.0,0.0,185365.3376096473
65,501,2063,2024,3,2,0,1994,1995,0.0,1,0,0.0,0.0,0.0,0.0,302206.39163198555
66,2362,858,858,3,1,0,1971,1971,0.0,1,0,0.0,0.0,0.0,0.0,103108.19126898237
67,1718,1302,1302,1,1,1,2005,2006,0.0,1,0,0.0,0.0,0.0,0.0,239960.42100381898
68,2188,774,544,3,1,0,1931,2006,0.0,1,0,0.0,0.0,0.0,0.0,72010.83231418999
69,1483,848,848,1,1,0,2004,2004,0.0,1,0,0.0,0.0,0.0,0.0,169636.35637795646
70,2557,747,600,1,1,0,1926,1953,0.0,1,0,0.0,0.0,0.0,0.0,71557.679831333
71,437,2520,1508,5,2,1,2007,2007,0.0,1,0,0.0,0.0,0.0,0.0,304801.24656028394
72,2224,1560,1560,3,1,1,1960,1960,0.0,1,0,0.0,0.0,0.0,0.0,197472.28911842871
73,1628,1472,384,3,2,1,1991,1992,0.0,1,0,0.0,0.0,0.0,0.0,151963.7616345887
74,397,1050,1043,3,1,1,1971,1971,0.0,1,0,0.0,0.0,0.0,0.0,131484.70922084618
75,587,1724,1680,3,1,1,1967,1976,0.0,1,0,0.0,0.0,0.0,0.0,233415.3425728716
76,971,1771,0,3,1,0,1960,2006,0.0,1,0,0.0,0.0,0.0,0.0,163438.46214609174
77,2611,1207,1135,3,1,1,1962,1985,0.0,1,0,0.0,0.0,0.0,0.0,153670.4107351671
78,1887,882,0,3,1,0,1959,1959,0.0,1,0,0.0,0.0,0.0,0.0,47393.425893717445
79,2399,1780,1780,2,2,0,2004,2005,0.0,1,0,0.0,0.0,0.0,0.0,286883.2715503825
80,2148,1459,1459,3,2,0,2002,2002,0.0,1,0,0.0,0.0,0.0,0.0,219568.3350927462
81,304,1107,629,2,1,0,1921,1975,0.0,1,0,0.0,0.0,0.0,0.0,103473.76213434478
82,1997,1358,687,3,1,1,1930,2005,0.0,1,0,0.0,0.0,0.0,0.0,136704.1494127051
83,2817,1436,676,3,2,0,1910,2000,0.0,1,0,0.0,0.0,0.0,0.0,118794.82821534248
84,1431,1688,616,4,2,1,1997,1997,0.0,1,0,0.0,0.0,0.0,0.0,177226.27037659287
85,427,2042,2042,3,2,1,2008,2009,0.0,1,0,0.0,0.0,0.0,0.0,315797.0269990405
86,263,876,876,3,1,0,1972,1972,0.0,1,0,0.0,0.0,0.0,0.0,107399.60726280604
87,598,1320,1232,3,2,0,1971,1971,0.0,1,0,0.0,0.0,0.0,0.0,158572.378987825
88,2895,1707,1686,2,2,1,1981,1981,0.0,1,0,0.0,0.0,0.0,0.0,246576.56374080712
89,687,1495,864,3,1,0,1948,1994,0.0,1,0,0.0,0.0,0.0,0.0,166573.72449199995
90,1822,999,999,3,1,0,1962,2001,0.0,1,0,0.0,0.0,0.0,0.0,135097.17747357395
91,2191,1346,560,2,1,1,1910,2000,0.0,1,0,0.0,0.0,0.0,0.0,129083.9231726965
92,179,1251,827,3,1,0,1938,2000,0.0,1,0,0.0,0.0,0.0,0.0,136865.60512037575
93,1009,1228,1228,2,2,0,1988,1989,0.0,1,0,0.0,0.0,0.0,0.0,183958.47596538905
94,2010,1274,728,3,2,0,1939,1998,0.0,1,0,0.0,0.0,0.0,0.0,121914.74281515507
95,1991,1642,728,4,1,1,1927,1950,0.0,1,0,0.0,0.0,0.0,0.0,121953.66801834758
96,1411,1509,1509,3,1,0,1956,1956,0.0,1,0,0.0,0.0,0.0,0.0,186380.54659773596
97,1721,1554,1554,2,2,0,2006,2006,0.0,1,0,0.0,0.0,0.0,0.0,253980.15640937444
98,1144,1677,827,3,2,1,2001,2001,0.0,1,0,0.0,0.0,0.0,0.0,206833.6437237491
99,593,1665,810,3,2,1,2001,2001,0.0,1,0,0.0,0.0,0.0,0.0,204827.40800827416
100,575,1694,1694,2,2,0,1977,2008,0.0,1,0,0.0,0.0,0.0,0.0,258948.49185209163
101,1249,1790,998,3,2,0,1957,1957,0.0,1,0,0.0,0.0,0.0,0.0,178260.34296130948
102,1604,923,876,3,1,0,1984,1985,0.0,1,0,0.0,0.0,0.0,0.0,126141.02231864817
103,1064,2470,2535,1,1,1,2003,2003,0.0,1,0,0.0,0.0,0.0,0.0,420405.53257265873
104,1923,1244,1244,3,1,1,1957,1957,0.0,1,0,0.0,0.0,0.0,0.0,145478.16234280914
105,1988,866,686,2,1,0,1945,1997,0.0,1,0,0.0,0.0,0.0,0.0,107852.55032661045
106,2325,1501,697,3,2,1,1993,1994,0.0,1,0,0.0,0.0,0.0,0.0,173333.57353367843
107,114,1891,1224,3,3,0,1978,1978,0.0,1,0,0.0,0.0,0.0,0.0,213042.4184401119
108,2700,1921,1921,4,2,0,1964,1964,0.0,0,0,0.0,0.0,0.0,0.0,199662.91282049008
109,217,1832,1832,4,2,0,1967,1967,0.0,1,0,0.0,0.0,0.0,0.0,222295.1002634205
110,343,1434,1434,4,2,0,1974,1974,0.0,1,0,0.0,0.0,0.0,0.0,168995.43785586907
111,386,1874,1058,3,2,1,2000,2001,0.0,1,0,0.0,0.0,0.0,0.0,238440.81598235993
112,2005,1382,0,1,2,0,1949,2002,0.0,1,0,0.0,0.0,0.0,0.0,133662.71583680343
113,2908,1140,1140,3,1,0,2006,2006,0.0,1,0,0.0,0.0,0.0,0.0,186278.77941934718
114,1814,1494,1482,3,2,0,1998,1998,0.0,1,0,0.0,0.0,0.0,0.0,219835.3661423428
115,2446,3627,1930,4,3,1,1995,1996,0.0,1,0,0.0,0.0,0.0,0.0,429835.9927631174
116,208,1812,360,4,2,0,1900,1996,0.0,1,0,0.0,0.0,0.0,0.0,117778.09700607695
117,1679,1302,630,3,2,1,1970,1970,0.0,1,0,0.0,0.0,0.0,0.0,122958.6238853787
118,822,1720,1720,3,2,0,2008,2008,0.0,1,0,0.0,0.0,0.0,0.0,266811.8336823103
119,6,1604,926,3,2,1,1998,1998,0.0,1,0,0.0,0.0,0.0,0.0,201325.14555251785
120,1781,1966,1966,1,2,0,2007,2007,0.0,1,0,0.0,0.0,0.0,0.0,333671.100883713
121,2397,1970,1085,3,2,1,2006,2006,0.0,1,0,0.0,0.0,0.0,0.0,255574.74994621705
122,2340,1714,1714,2,2,0,2005,2005,0.0,1,0,0.0,0.0,0.0,0.0,277351.7944437475
123,1618,1470,794,3,2,0,1997,1997,0.0,1,0,0.0,0.0,0.0,0.0,180539.9531088015
124,2843,2230,795,5,1,0,1912,1950,0.0,1,0,0.0,0.0,0.0,0.0,162005.0288425614
125,1061,2331,1414,3,2,1,2005,2005,0.0,1,0,0.0,0.0,0.0,0.0,308572.96438249433
126,2786,864,864,3,1,0,1972,1972,0.0,1,0,0.0,0.0,0.0,0.0,105093.56136996206
127,1935,1008,1008,2,1,0,1953,2006,0.0,1,0,0.0,0.0,0.0,0.0,148705.11165202083
128,1341,1216,565,3,1,0,1920,1997,0.0,1,0,0.0,0.0,0.0,0.0,106831.68153272104
129,521,1530,1530,3,2,0,2007,2008,0.0,1,0,0.0,0.0,0.0,0.0,237011.25501575833
130,2136,1025,1015,3,2,0,1976,1976,0.0,1,0,0.0,0.0,0.0,0.0,122641.22703347821
131,996,1638,943,3,2,1,1998,1998,0.0,1,0,0.0,0.0,0.0,0.0,205494.17749276478
132,227,1440,720,4,1,1,1968,1968,0.0,1,0,0.0,0.0,0.0,0.0,135916.49317993596
133,135,1128,1080,2,1,0,1966,2008,0.0,1,0,0.0,0.0,0.0,0.0,174049.59966377728
134,1167,1549,744,3,2,1,1999,1999,0.0,1,0,0.0,0.0,0.0,0.0,187190.30852418765
135,294,2133,1528,4,1,1,1941,1985,0.0,1,0,0.0,0.0,0.0,0.0,240836.7827897258
136,1776,1369,1369,3,2,0,2007,2007,0.0,1,0,0.0,0.0,0.0,0.0,211481.2060789829
137,540,1114,1114,3,1,1,2004,2005,0.0,1,0,0.0,0.0,0.0,0.0,179788.68964401307
138,1717,1302,1302,1,1,1,2005,2006,0.0,1,0,0.0,0.0,0.0,0.0,239960.60304261185
139,2303,816,816,2,1,0,1983,1983,0.0,1,0,0.0,0.0,0.0,0.0,125482.54424292454
140,116,1381,1161,3,1,1,1972,2006,0.0,1,0,0.0,0.0,0.0,0.0,190371.17902097385
141,127,1078,1078,2,1,0,1950,1996,0.0,1,0,0.0,0.0,0.0,0.0,152720.09680106817
142,1371,1469,756,3,1,0,1906,1995,0.0,1,0,0.0,0.0,0.0,0.0,132882.8523315559
143,1014,1474,1632,3,1,0,1952,1952,0.0,1,0,0.0,0.0,0.0,0.0,184718.688068958
144,1507,1137,0,4,1,1,1947,1993,0.0,1,0,0.0,0.0,0.0,0.0,67577.8826772552
145,702,1960,960,4,2,0,1952,1952,0.0,1,0,0.0,0.0,0.0,0.0,172862.58897877112
146,750,1768,1048,3,2,0,1915,1950,0.0,1,0,0.0,0.0,0.0,0.0,149207.9451821223
147,261,1392,689,3,1,1,1977,1977,0.0,1,0,0.0,0.0,0.0,0.0,154816.25696015032
148,1559,864,592,3,1,1,1920,1950,0.0,1,0,0.0,0.0,0.0,0.0,46508.328471330926
149,577,1740,1740,2,1,1,1981,1981,0.0,1,0,0.0,0.0,0.0,0.0,264553.3789025736
150,2812,1720,860,3,2,1,2004,2004,0.0,1,0,0.0,0.0,0.0,0.0,216045.53339524474
151,2080,1626,988,3,1,1,1954,1954,0.0,1,0,0.0,0.0,0.0,0.0,167673.09828269389
152,1368,1198,901,4,1,0,1920,1998,0.0,1,0,0.0,0.0,0.0,0.0,107815.84265354369
153,2376,900,864,3,1,0,1967,1967,0.0,1,0,0.0,0.0,0.0,0.0,103142.22072124667
154,659,792,768,2,1,0,1924,2006,0.0,1,0,0.0,0.0,0.0,0.0,96614.5093047223
155,1235,1098,1098,3,1,0,1955,1955,0.0,1,0,0.0,0.0,0.0,0.0,122021.81273513008
156,332,1092,546,3,1,1,1970,1970,0.0,1,0,0.0,0.0,0.0,0.0,108817.06699068565
157,1917,936,936,2,1,0,1957,1999,0.0,1,0,0.0,0.0,0.0,0.0,136418.31225909386
158,2094,2127,1104,4,2,1,1991,1991,0.0,1,0,0.0,0.0,0.0,0.0,240377.06324592838
159,1460,2263,1055,3,2,1,2001,2002,0.0,1,0,0.0,0.0,0.0,0.0,278883.8262565788
160,1471,1493,1478,3,2,0,1997,1998,0.0,1,0,0.0,0.0,0.0,0.0,218973.0686615007
161,1509,1200,768,3,1,0,1946,1995,0.0,1,0,0.0,0.0,0.0,0.0,130657.90215149475
162,1922,1056,1056,3,1,0,1954,2005,0.0,1,0,0.0,0.0,0.0,0.0,141028.1028339984
163,433,2674,2630,2,2,1,2007,2007,0.0,0,1,0.0,0.0,0.0,0.0,534472.2087099287
164,460,1456,1451,2,2,0,2008,2008,0.0,1,0,0.0,0.0,0.0,0.0,241146.38751301914
165,1116,1563,1563,3,2,0,2007,2007,0.0,1,0,0.0,0.0,0.0,0.0,241457.33765586745
166,1137,1114,1114,3,1,0,2003,2004,0.0,1,0,0.0,0.0,0.0,0.0,179706.5316251088
167,53,1145,1145,2,2,0,2006,2006,0.0,1,0,0.0,0.0,0.0,0.0,191339.99163479637
168,2354,2318,960,3,2,1,2005,2006,0.0,1,0,0.0,0.0,0.0,0.0,283948.7915177024
169,1475,1445,1445,3,2,0,2004,2004,0.0,1,0,0.0,0.0,0.0,0.0,219814.63859050255
170,1761,4476,2396,4,3,1,1996,1996,0.0,1,0,0.0,0.0,0.0,0.0,541335.1522327568
171,842,990,990,3,1,0,1994,1995,0.0,1,0,0.0,0.0,0.0,0.0,150424.4636832457
172,2739,1560,1776,3,2,0,1962,1962,0.0,1,0,0.0,0.0,0.0,0.0,200659.75838734442
173,2509,1223,600,2,2,1,2005,2005,0.0,1,0,0.0,0.0,0.0,0.0,168223.7681888179
174,1007,1895,712,3,2,1,1994,1996,0.0,1,0,0.0,0.0,0.0,0.0,216181.12499018852
175,2610,1734,912,3,1,1,1962,1981,0.0,1,0,0.0,0.0,0.0,0.0,193710.86476828204
176,1952,691,691,2,1,0,1920,1950,0.0,1,0,0.0,0.0,0.0,0.0,50267.39741697721
177,2719,1949,1949,6,2,0,1977,1977,0.0,1,0,0.0,0.0,0.0,0.0,220922.90973132337
178,2921,1092,546,3,1,1,1970,1970,0.0,1,0,0.0,0.0,0.0,0.0,108345.76855652127
179,1966,1242,1242,3,1,1,1960,1960,0.0,1,0,0.0,0.0,0.0,0.0,148580.06162358914
180,292,1666,894,3,1,0,1931,1950,0.0,1,0,0.0,0.0,0.0,0.0,152116.9295809823
181,1204,1978,832,4,2,1,1968,1968,0.0,1,0,0.0,0.0,0.0,0.0,185016.94200661173
182,1829,2167,1192,3,2,1,1974,2003,0.0,1,0,0.0,0.0,0.0,0.0,260068.07899517054
183,2419,1492,738,3,2,1,2006,2006,0.0,1,0,0.0,0.0,0.0,0.0,188814.21726907557
184,391,1350,1064,3,2,0,1974,1974,0.0,1,0,0.0,0.0,0.0,0.0,156357.31466337573
185,798,1258,560,2,1,0,1939,1950,0.0,1,0,0.0,0.0,0.0,0.0,113156.59690970834
186,481,1489,782,3,2,1,2003,2003,0.0,1,0,0.0,0.0,0.0,0.0,187729.70179534378
187,193,2068,1108,3,1,1,1922,2005,0.0,1,0,0.0,0.0,0.0,0.0,226364.39579549804
188,555,980,980,3,1,0,1962,1962,0.0,1,0,0.0,0.0,0.0,0.0,111959.98737098044
189,899,944,0,2,1,0,1952,1952,0.0,1,0,0.0,0.0,0.0,0.0,61076.630802315194
190,2357,1664,832,4,2,1,1976,1976,0.0,1,0,0.0,0.0,0.0,0.0,161910.8335047802
191,328,945,945,2,1,0,1973,1973,0.0,1,0,0.0,0.0,0.0,0.0,134303.02716693468
192,1356,838,816,2,1,0,1918,2000,0.0,1,0,0.0,0.0,0.0,0.0,96835.75226349058
193,1154,864,864,3,1,0,1963,1963,0.0,1,0,0.0,0.0,0.0,0.0,95138.08682347415
194,1730,1484,783,3,2,1,2005,2007,0.0,1,0,0.0,0.0,0.0,0.0,190371.33039435185
195,2249,912,888,2,1,0,1978,1978,0.0,1,0,0.0,0.0,0.0,0.0,133323.67284994852
196,1119,1874,955,3,2,1,2007,2008,0.0,1,0,0.0,0.0,0.0,0.0,240930.18865696853
197,2856,1465,992,3,2,0,1939,1950,0.0,1,0,0.0,0.0,0.0,0.0,129786.1868415582
198,1394,1601,533,3,1,0,1958,1987,0.0,1,0,0.0,0.0,0.0,0.0,162533.90981837548
199,2587,1145,301,3,1,0,1956,1956,0.0,1,0,0.0,0.0,0.0,0.0,86297.65144446911
200,61,2475,1629,4,2,1,1998,1998,0.0,1,0,0.0,0.0,0.0,0.0,311473.56976070907
201,2661,2104,1226,5,2,0,1910,2005,0.0,1,0,0.0,0.0,0.0,0.0,187802.17770872638
202,2711,934,912,2,1,0,1964,1964,0.0,1,0,0.0,0.0,0.0,0.0,120780.78257047711
203,1147,1710,832,3,2,1,1993,1993,0.0,1,0,0.0,0.0,0.0,0.0,201343.55324419355
204,757,1427,483,3,1,0,1915,2002,0.0,1,0,0.0,0.0,0.0,0.0,123733.4185880255
205,2623,1040,0,2,1,0,1950,1950,0.0,1,0,0.0,0.0,0.0,0.0,68270.82522899611
206,2378,1456,855,3,2,1,1976,1976,0.0,1,0,0.0,0.0,0.0,0.0,157055.36699526757
207,1413,1269,621,3,1,1,1962,2001,0.0,1,0,0.0,0.0,0.0,0.0,141890.97565585095
208,1722,1370,1370,2,2,0,2006,2006,0.0,1,0,0.0,0.0,0.0,0.0,225662.95674600638
209,1112,1933,894,4,2,1,2007,2007,0.0,1,0,0.0,0.0,0.0,0.0,228095.3293716819
210,1623,1714,923,3,2,1,1999,2000,0.0,1,0,0.0,0.0,0.0,0.0,213751.8522258522
211,1201,1876,901,4,2,1,1974,1974,0.0,1,0,0.0,0.0,0.0,0.0,185039.4280349994
212,1513,1292,949,3,1,1,1923,2008,0.0,1,0,0.0,0.0,0.0,0.0,140944.22448460292
213,957,2036,2136,3,2,0,1965,1965,0.0,1,0,0.0,0.0,0.0,0.0,271629.7375020995
214,1171,1557,1557,2,2,0,1999,2000,0.0,1,0,0.0,0.0,0.0,0.0,247091.95330362022
215,1145,1737,836,3,2,1,1992,1992,0.0,1,0,0.0,0.0,0.0,0.0,203164.98379729176
216,2726,1830,1865,2,1,0,1967,1967,0.0,1,0,0.0,0.0,0.0,0.0,265048.5953041953
217,703,1389,651,3,1,1,1946,1992,0.0,1,0,0.0,0.0,0.0,0.0,141254.47828687867
218,760,892,858,1,1,0,1923,1950,0.0,1,0,0.0,0.0,0.0,0.0,96653.28579566767
219,1964,1040,1040,3,1,0,1959,2003,0.0,1,0,0.0,0.0,0.0,0.0,140584.57673038123
220,2512,1452,691,3,2,1,1999,1999,0.0,1,0,0.0,0.0,0.0,0.0,174303.51158803236
221,159,1056,1056,0,0,0,1980,1980,0.0,1,0,0.0,0.0,0.0,0.0,201090.1397182946
222,1281,1796,780,4,1,1,1963,1963,0.0,1,0,0.0,0.0,0.0,0.0,169437.22720799828
223,468,1560,684,3,2,1,2005,2005,0.0,1,0,0.0,0.0,0.0,0.0,192156.62565025268
224,290,856,856,2,1,0,1939,1950,0.0,1,0,0.0,0.0,0.0,0.0,87647.42412378313
225,665,846,720,2,1,0,1920,1950,0.0,1,0,0.0,0.0,0.0,0.0,67809.3085601246
226,1463,2290,1128,4,2,1,2002,2002,0.0,1,0,0.0,0.0,0.0,0.0,270886.22017044993
227,1792,1977,982,3,2,1,2006,2006,0.0,1,0,0.0,0.0,0.0,0.0,251047.0656931214
228,923,1273,1273,2,1,0,1960,1960,0.0,1,0,0.0,0.0,0.0,0.0,169863.6199234631
229,500,2344,1264,3,2,1,1996,1997,0.0,1,0,0.0,0.0,0.0,0.0,292478.6524513918
230,1408,1518,1580,2,1,0,1940,2007,0.0,1,0,0.0,0.0,0.0,0.0,223039.2091988842
231,331,630,630,1,1,0,1972,1972,0.0,1,0,0.0,0.0,0.0,0.0,99843.00178926717
232,170,1844,709,3,1,0,1900,1954,0.0,1,0,0.0,0.0,0.0,0.0,143705.5738984095
233,2192,768,768,2,1,0,1955,1955,0.0,1,0,0.0,0.0,0.0,0.0,86218.84336509975
234,2571,3112,1360,4,2,0,1918,1990,0.0,1,0,0.0,0.0,0.0,0.0,309751.5282364683
235,2314,1498,691,3,2,1,1995,1996,0.0,1,0,0.0,0.0,0.0,0.0,174996.3662920422
236,2647,844,844,2,1,0,1925,1950,0.0,1,0,0.0,0.0,0.0,0.0,76761.96474359231
237,422,2772,1776,4,3,1,2007,2007,0.0,1,0,0.0,0.0,0.0,0.0,348189.2734568445
238,2457,2097,2077,1,1,1,2005,2006,0.0,1,0,0.0,0.0,0.0,0.0,361134.7698094887
239,1838,1352,1352,2,2,0,2006,2007,0.0,1,0,0.0,0.0,0.0,0.0,223395.8970480673
240,2805,1919,1079,3,2,1,2006,2006,0.0,1,0,0.0,0.0,0.0,0.0,249989.73317916226
241,1645,1284,1284,3,2,0,1984,1984,0.0,1,0,0.0,0.0,0.0,0.0,172222.83078294015
242,1711,2374,1181,4,2,1,2003,2004,0.0,1,0,0.0,0.0,0.0,0.0,283821.1642112704
243,2825,2314,1150,3,2,1,2003,2005,0.0,1,0,0.0,0.0,0.0,0.0,291572.6670217938
244,322,2018,2002,3,2,0,2008,2009,0.0,1,0,0.0,0.0,0.0,0.0,312457.02308621584
245,2103,1651,1643,3,2,0,2007,2007,0.0,1,0,0.0,0.0,0.0,0.0,254404.94352617953
246,342,882,882,2,1,0,1956,1956,0.0,1,0,0.0,0.0,0.0,0.0,105239.0278515066
247,600,894,894,2,1,0,1960,1960,0.0,1,0,0.0,0.0,0.0,0.0,111595.51802025922
248,488,1800,982,3,2,1,2000,2000,0.0,1,0,0.0,0.0,0.0,0.0,226405.77158272173
249,1725,1869,1869,2,2,0,2007,2007,0.0,1,0,0.0,0.0,0.0,0.0,303596.104792363
250,2246,1625,1573,2,2,0,2006,2007,0.0,1,0,0.0,0.0,0.0,0.0,262633.77961198986
251,2847,1595,940,2,1,0,1940,2000,0.0,1,0,0.0,0.0,0.0,0.0,193705.88083693013
252,806,2020,1128,3,2,1,1995,1995,0.0,1,0,0.0,0.0,0.0,0.0,250664.61857618624
253,530,2094,912,4,2,1,2003,2004,0.0,1,0,0.0,0.0,0.0,0.0,241516.5478055654
254,963,1412,1392,3,2,0,1988,1988,0.0,1,0,0.0,0.0,0.0,0.0,195563.36198213743
255,2678,1162,728,3,1,0,1930,1950,0.0,1,0,0.0,0.0,0.0,0.0,91064.53653005837
256,171,1140,576,3,1,0,1910,2004,0.0,1,0,0.0,0.0,0.0,0.0,97388.29022872495
257,2401,2728,1848,4,2,1,2005,2006,0.0,1,0,0.0,0.0,0.0,0.0,356715.4287427985
258,805,1879,1079,3,2,1,1993,1994,0.0,1,0,0.0,0.0,0.0,0.0,231991.09775379952
259,2259,2279,585,4,2,1,1958,1995,0.0,1,0,0.0,0.0,0.0,0.0,210679.92971614376
260,1748,1374,384,3,2,1,2004,2004,0.0,1,0,0.0,0.0,0.0,0.0,156236.71393764624
261,1361,1536,768,4,1,1,1952,1952,0.0,1,0,0.0,0.0,0.0,0.0,129763.52082417114
262,1677,1218,672,3,1,1,1973,1973,0.0,1,0,0.0,0.0,0.0,0.0,131380.7466327087
263,1406,1094,1094,3,1,0,1953,1953,0.0,1,0,0.0,0.0,0.0,0.0,119096.749682792
264,2322,2021,868,3,2,1,2006,2006,0.0,1,0,0.0,0.0,0.0,0.0,249513.09041846124
265,688,1806,780,4,1,1,1964,1964,0.0,1,0,0.0,0.0,0.0,0.0,171703.76395830512
266,143,1314,1314,3,1,0,1957,1957,0.0,1,0,0.0,0.0,0.0,0.0,157740.66251772502
267,804,1775,740,3,2,1,1993,1993,0.0,1,0,0.0,0.0,0.0,0.0,203252.286783
268,1214,1350,1248,3,1,1,1964,1964,0.0,1,0,0.0,0.0,0.0,0.0,164595.05487177568
269,2828,1072,547,2,1,0,2005,2006,0.0,1,0,0.0,0.0,0.0,0.0,163093.9888371108
270,1999,2291,1214,4,2,0,1910,1998,0.0,1,0,0.0,0.0,0.0,0.0,217850.06654720334
271,2467,1576,770,3,2,1,2006,2006,0.0,1,0,0.0,0.0,0.0,0.0,199031.13199919462
272,2665,1762,596,4,1,1,1920,1950,0.0,1,0,0.0,0.0,0.0,0.0,122901.01370858727
273,1538,3447,728,4,3,1,1935,1997,0.0,1,0,0.0,0.0,0.0,0.0,312827.1976290429
274,398,864,864,3,1,0,1970,1970,0.0,1,0,0.0,0.0,0.0,0.0,103249.92292767344
275,2822,1176,1176,2,1,0,1969,1969,0.0,1,0,0.0,0.0,0.0,0.0,164842.49712544587
276,2157,848,848,1,1,0,2003,2003,0.0,1,0,0.0,0.0,0.0,0.0,168374.48869214673
277,1856,1432,1360,2,1,1,1978,1978,0.0,1,0,0.0,0.0,0.0,0.0,209762.0156881879
278,1269,1048,0,3,1,0,1950,1950,0.0,1,0,0.0,0.0,0.0,0.0,54175.639842732344
279,2570,1128,936,2,1,0,1954,1954,0.0,1,0,0.0,0.0,0.0,0.0,130438.28019650234
280,2320,1801,893,3,2,1,2005,2005,0.0,1,0,0.0,0.0,0.0,0.0,227246.0537651945
281,1517,1482,672,4,2,0,1925,1950,0.0,1,0,0.0,0.0,0.0,0.0,91370.37917378871
282,2304,974,974,3,1,0,1991,1992,0.0,1,0,0.0,0.0,0.0,0.0,144278.45299103996
283,1312,1017,346,2,1,0,1900,2003,0.0,1,0,0.0,0.0,0.0,0.0,81175.30430301139
284,2012,1218,735,3,1,0,1941,1950,0.0,1,0,0.0,0.0,0.0,0.0,104022.89262294071
285,506,1850,973,3,2,1,1994,1994,0.0,1,0,0.0,0.0,0.0,0.0,224196.92595235584
286,2865,2345,952,4,2,1,1932,1950,0.0,1,0,0.0,0.0,0.0,0.0,196787.07619212708
287,2367,987,483,2,1,1,1973,1973,0.0,1,0,0.0,0.0,0.0,0.0,113044.29567534802
288,554,784,784,2,1,0,1928,1950,0.0,1,0,0.0,0.0,0.0,0.0,69754.082968832
289,238,1144,1144,3,1,0,1956,1956,0.0,1,0,0.0,0.0,0.0,0.0,130421.73335710913
290,1954,888,920,3,1,0,1961,1961,0.0,1,0,0.0,0.0,0.0,0.0,98070.20600408548
291,2488,1654,0,4,2,0,1977,1977,0.0,1,0,0.0,0.0,0.0,0.0,119945.53378300322
292,2291,1092,546,3,1,1,1976,1976,0.0,1,0,0.0,0.0,0.0,0.0,115295.49423328182
293,1969,925,0,3,1,0,1961,1961,0.0,1,0,0.0,0.0,0.0,0.0,54040.32688066829
294,2725,1437,1188,3,1,1,1956,1987,0.0,1,0,0.0,0.0,0.0,0.0,177208.3794285832
295,1482,848,848,1,1,0,2004,2004,0.0,1,0,0.0,0.0,0.0,0.0,169636.53841674933
296,2763,1596,784,3,2,1,2005,2005,0.0,1,0,0.0,0.0,0.0,0.0,200604.279189853
297,503,2061,1070,3,2,1,1995,1996,0.0,1,0,0.0,0.0,0.0,0.0,252410.16038206592
298,1584,1440,1432,3,2,0,2003,2003,0.0,1,0,0.0,0.0,0.0,0.0,217470.49533398962
299,1531,1603,784,4,1,0,1923,1950,0.0,1,0,0.0,0.0,0.0,0.0,119676.99149821186
300,2210,1958,979,4,2,0,1946,1950,0.0,1,0,0.0,0.0,0.0,0.0,168633.1025933968
301,459,1884,1884,2,2,0,2008,2009,0.0,1,0,0.0,0.0,0.0,0.0,307798.39179766225
302,556,980,980,3,1,0,1977,1977,0.0,1,0,0.0,0.0,0.0,0.0,129047.40842566919
303,1347,1902,1100,4,2,0,1923,1950,0.0,1,0,0.0,0.0,0.0,0.0,155223.69232916646
304,1290,672,672,2,1,0,1940,1950,0.0,1,0,0.0,0.0,0.0,0.0,59763.34141562646
305,1388,1006,1006,3,1,0,1959,1959,0.0,1,0,0.0,0.0,0.0,0.0,112392.146145829
306,1571,1786,1499,3,2,0,1965,1965,0.0,1,0,0.0,0.0,0.0,0.0,212937.01164116757
307,2754,1294,1286,2,2,0,2006,2006,0.0,1,0,0.0,0.0,0.0,0.0,213363.28994439682
308,765,1152,1152,2,2,0,1978,1978,0.0,1,0,0.0,0.0,0.0,0.0,160390.79875101242
309,2494,1024,1024,3,1,1,1965,1965,0.0,1,0,0.0,0.0,0.0,0.0,120630.30282717338
310,2870,2315,1168,4,2,0,1950,1963,0.0,1,0,0.0,0.0,0.0,0.0,224000.11009474844
311,7,1338,1338,2,2,0,2001,2001,0.0,1,0,0.0,0.0,0.0,0.0,215354.58686025208
312,1114,1578,1578,3,2,0,2006,2006,0.0,1,0,0.0,0.0,0.0,0.0,242626.98071763013
313,2418,2373,1052,4,2,1,2004,2005,0.0,1,0,0.0,0.0,0.0,0.0,278027.4464660296
314,291,2650,0,6,3,0,1967,1967,0.0,1,0,0.0,0.0,0.0,0.0,168787.80805953266
315,18,1856,1856,1,1,1,2010,2010,0.0,1,0,0.0,0.0,0.0,0.0,330700.4013622068
316,39,1940,1930,3,2,1,2009,2010,0.0,1,0,0.0,0.0,0.0,0.0,300789.80028624367
317,1001,1682,1664,1,1,1,1997,1997,0.0,1,0,0.0,0.0,0.0,0.0,287998.9544828418
318,2442,2291,975,4,2,1,1999,1999,0.0,1,0,0.0,0.0,0.0,0.0,259443.24661478354
319,616,1203,709,3,1,0,1950,1950,0.0,1,0,0.0,0.0,0.0,0.0,106931.82007862395
320,2680,912,0,2,1,0,1947,1950,0.0,1,0,0.0,0.0,0.0,0.0,53367.02604483487
321,1414,1367,861,4,1,0,1900,1950,0.0,1,0,0.0,0.0,0.0,0.0,85496.28634721227
322,289,1691,1026,3,2,0,1924,1950,0.0,1,0,0.0,0.0,0.0,0.0,145834.11994211376
323,40,1544,1544,3,2,0,2009,2010,0.0,1,0,0.0,0.0,0.0,0.0,241531.7184429788
324,860,894,894,2,1,0,1972,1972,0.0,1,0,0.0,0.0,0.0,0.0,125218.27040895633
325,409,958,958,2,2,0,1976,1976,0.0,1,0,0.0,0.0,0.0,0.0,128321.27150832675
326,673,1306,992,2,1,0,1957,2000,0.0,1,0,0.0,0.0,0.0,0.0,177796.79719338473
327,2427,1142,1142,2,2,0,2005,2006,0.0,1,0,0.0,0.0,0.0,0.0,189831.16732723685
328,2036,1952,976,4,1,1,1950,2005,0.0,1,0,0.0,0.0,0.0,0.0,209407.64539942006
329,2564,1728,704,3,1,1,1949,1973,0.0,1,0,0.0,0.0,0.0,0.0,170112.60700369906
330,642,1866,1866,4,2,0,1958,1958,0.0,1,0,0.0,0.0,0.0,0.0,217197.6643076064
331,1008,1709,836,3,2,1,1991,1991,0.0,1,0,0.0,0.0,0.0,0.0,199196.38979355432
332,1908,1920,928,4,2,0,1948,1950,0.0,1,0,0.0,0.0,0.0,0.0,163394.52561489586
333,2519,1235,1235,1,1,0,1980,1980,0.0,1,0,0.0,0.0,0.0,0.0,201665.67435176158
334,1369,759,451,1,1,0,1912,1991,0.0,1,0,0.0,0.0,0.0,0.0,76565.84387443075
335,2855,1802,793,4,1,1,1920,1950,0.0,1,0,0.0,0.0,0.0,0.0,137179.29977125395
336,712,792,624,2,1,0,1923,1950,0.0,1,0,0.0,0.0,0.0,0.0,59153.117380263284
337,1943,1544,925,3,2,0,1890,2006,0.0,1,0,0.0,0.0,0.0,0.0,133746.22650142154
338,1958,1082,1082,2,1,0,1948,1950,0.0,1,0,0.0,0.0,0.0,0.0,127659.23149029771
339,107,788,728,1,1,0,1980,1980,0.0,1,0,0.0,0.0,0.0,0.0,130195.54185733851
340,2295,1676,1160,3,1,1,1977,1994,0.0,1,0,0.0,0.0,0.0,0.0,216779.75075458828
341,704,1447,801,3,1,0,1910,1950,0.0,1,0,0.0,0.0,0.0,0.0,111970.45705637662
342,676,1268,832,3,1,0,1949,1950,0.0,1,0,0.0,0.0,0.0,0.0,119322.63233781839
343,259,1682,804,3,2,1,1998,1998,0.0,1,0,0.0,0.0,0.0,0.0,202891.96001223894
344,93,2225,1390,4,2,1,1992,1993,0.0,1,0,0.0,0.0,0.0,0.0,267254.2039401145
345,106,1848,975,3,2,1,2000,2000,0.0,1,0,0.0,0.0,0.0,0.0,231004.81069395924
346,2315,1776,821,3,2,1,1996,1996,0.0,1,0,0.0,0.0,0.0,0.0,210705.07676060265
347,1050,892,864,3,1,0,1966,1966,0.0,1,0,0.0,0.0,0.0,0.0,101428.89925537026
348,1095,1490,788,3,2,1,2004,2005,0.0,1,0,0.0,0.0,0.0,0.0,189694.9772528694
349,2709,1064,1064,3,1,0,1967,1967,0.0,1,0,0.0,0.0,0.0,0.0,130191.07764240308
350,758,1864,1020,6,2,1,1902,2000,0.0,1,0,0.0,0.0,0.0,0.0,129116.16245385073
351,1496,1398,684,3,1,1,1976,2001,0.0,1,0,0.0,0.0,0.0,0.0,166909.13272693753
352,2370,1218,672,3,1,1,1972,1972,0.0,1,0,0.0,0.0,0.0,0.0,130115.42020983854
353,2458,1660,1660,3,2,0,2006,2006,0.0,1,0,0.0,0.0,0.0,0.0,255001.86104343785
354,2733,1350,967,3,1,1,1954,1954,0.0,1,0,0.0,0.0,0.0,0.0,138327.33114696294
355,161,2978,710,5,2,1,1967,2007,0.0,1,0,0.0,0.0,0.0,0.0,285481.2910030326
356,726,1521,741,4,1,0,1910,2002,0.0,1,0,0.0,0.0,0.0,0.0,128493.98638686165
357,845,1431,1431,3,2,0,1999,1999,0.0,1,0,0.0,0.0,0.0,0.0,212078.89964321675
358,947,2052,1107,3,2,1,2000,2001,0.0,1,0,0.0,0.0,0.0,0.0,259030.08039702848
359,2232,1517,793,3,2,0,1919,2005,0.0,1,0,0.0,0.0,0.0,0.0,141393.12198419916
360,2563,1578,806,3,1,0,1941,1950,0.0,1,0,0.0,0.0,0.0,0.0,144310.33510091854
361,2299,1608,1396,3,1,0,1961,1961,0.0,1,0,0.0,0.0,0.0,0.0,196136.00268424023
362,211,1224,689,3,1,1,1917,1950,0.0,1,0,0.0,0.0,0.0,0.0,86647.38225974375
363,605,1776,1584,4,2,0,1958,1958,0.0,1,0,0.0,0.0,0.0,0.0,193378.24506524624
364,1478,1234,1234,3,2,0,2007,2007,0.0,1,0,0.0,0.0,0.0,0.0,190759.38092550868
365,2247,1625,1573,2,2,0,2006,2007,0.0,1,0,0.0,0.0,0.0,0.0,262633.597573197
366,2274,1572,1572,3,1,1,1963,1963,0.0,1,0,0.0,0.0,0.0,0.0,202727.46981648635
367,2869,1647,1430,3,2,0,1977,1977,0.0,1,0,0.0,0.0,0.0,0.0,208616.0267069689
368,967,2014,912,3,2,1,2003,2003,0.0,1,0,0.0,0.0,0.0,0.0,247914.68064593524
369,2656,1163,1162,3,1,0,1955,2005,0.0,1,0,0.0,0.0,0.0,0.0,157924.4659910458
370,667,2544,1248,6,2,2,1969,1969,0.0,1,0,0.0,0.0,0.0,0.0,234086.07956987014
371,1042,987,483,2,1,1,1972,1972,0.0,1,0,0.0,0.0,0.0,0.0,112146.32353604073
372,2023,1824,764,3,1,0,1919,1950,0.0,1,0,0.0,0.0,0.0,0.0,153774.6765360213
373,2447,2855,1540,4,2,1,2000,2000,0.0,1,0,0.0,0.0,0.0,0.0,347431.28026735224
374,2055,913,814,3,1,0,1966,1966,0.0,1,0,0.0,0.0,0.0,0.0,100788.94939053291
375,2275,1776,1732,3,2,0,2006,2007,0.0,1,0,0.0,0.0,0.0,0.0,271125.368596443
376,2204,1426,912,3,1,1,1918,1998,0.0,1,0,0.0,0.0,0.0,0.0,144239.36887126043
377,1563,1646,1594,2,2,0,2004,2005,0.0,1,0,0.0,0.0,0.0,0.0,263711.59856147645
378,483,1314,1314,2,2,0,2007,2008,0.0,1,0,0.0,0.0,0.0,0.0,218933.6534248558
379,796,1049,1049,2,2,0,1984,1984,0.0,1,0,0.0,0.0,0.0,0.0,151368.8227894674
380,1526,1680,840,4,2,0,1915,1976,0.0,1,0,0.0,0.0,0.0,0.0,127761.1102129952
381,2042,1889,925,4,1,1,1910,1950,0.0,1,0,0.0,0.0,0.0,0.0,146904.57849779166
382,442,1808,1774,3,2,0,2008,2008,0.0,1,0,0.0,0.0,0.0,0.0,278657.44581177505
383,1693,2550,1108,4,2,1,2006,2007,0.0,1,0,0.0,0.0,0.0,0.0,301390.9063262255
384,1468,1908,915,4,2,1,1994,1995,0.0,1,0,0.0,0.0,0.0,0.0,212287.9955600598
385,1430,1643,1182,2,2,0,1966,1966,0.0,1,0,0.0,0.0,0.0,0.0,198211.56045554858
386,2605,2414,954,3,2,0,1900,1970,0.0,1,0,0.0,0.0,0.0,0.0,211100.0030095568
387,1529,1512,798,3,2,0,1925,1997,0.0,1,0,0.0,0.0,0.0,0.0,140767.4088337128
388,335,1188,1188,3,1,0,1962,1962,0.0,1,0,0.0,0.0,0.0,0.0,144010.5775679266
389,1287,1323,780,3,1,0,1948,2005,0.0,1,0,0.0,0.0,0.0,0.0,150332.52019996988
390,31,1092,525,3,1,1,1971,1971,0.0,1,0,0.0,0.0,0.0,0.0,108919.97050767206
391,1785,1726,1726,3,2,0,2007,2007,0.0,1,0,0.0,0.0,0.0,0.0,266420.7377949222
392,82,1564,650,3,2,1,1980,1981,0.0,1,0,0.0,0.0,0.0,0.0,162913.03556389455
393,2620,1521,910,3,1,1,1950,1950,0.0,1,0,0.0,0.0,0.0,0.0,148261.73169484688
394,252,1226,1226,3,2,0,2009,2009,0.0,1,0,0.0,0.0,0.0,0.0,192029.73288509622
395,721,816,624,2,1,0,1910,1950,0.0,1,0,0.0,0.0,0.0,0.0,53603.414909353014
396,2165,1330,1330,3,2,0,2006,2007,0.0,1,0,0.0,0.0,0.0,0.0,204793.44271784602
397,2316,1511,802,3,2,1,1997,1997,0.0,1,0,0.0,0.0,0.0,0.0,183842.43891310692
398,775,858,858,2,1,0,1982,1982,0.0,1,0,0.0,0.0,0.0,0.0,131085.19304500334
399,1558,894,894,2,1,0,1935,1950,0.0,1,0,0.0,0.0,0.0,0.0,90804.78382525593
400,17,1752,559,4,2,0,1988,2005,0.0,1,0,0.0,0.0,0.0,0.0,180870.99348253477
401,1022,1782,1782,3,2,0,1979,1979,0.0,1,0,0.0,0.0,0.0,0.0,243280.99704118585
402,925,1343,731,3,1,1,1921,1950,0.0,1,0,0.0,0.0,0.0,0.0,103290.45785614057
403,438,1717,1709,3,2,0,2006,2006,0.0,1,0,0.0,0.0,0.0,0.0,263726.05568083934
404,1270,1507,1075,4,2,0,1960,1960,0.0,1,0,0.0,0.0,0.0,0.0,141667.9883357752
405,1272,1027,1027,3,1,0,1962,1962,0.0,1,0,0.0,0.0,0.0,0.0,119062.61679771217
406,215,1680,856,2,2,0,1910,1950,0.0,1,0,0.0,0.0,0.0,0.0,142441.3801135202
407,266,1829,941,3,2,1,2003,2003,0.0,1,0,0.0,0.0,0.0,0.0,230689.83402873436
408,2402,1904,1058,3,2,1,2005,2005,0.0,1,0,0.0,0.0,0.0,0.0,246303.7362638153
409,1250,952,952,2,1,0,1951,1951,0.0,1,0,0.0,0.0,0.0,0.0,110150.64737408748
410,1984,1131,907,2,1,0,1937,2000,0.0,1,0,0.0,0.0,0.0,0.0,143002.7113267104
411,1279,1588,768,3,1,1,1955,1967,0.0,1,0,0.0,0.0,0.0,0.0,159944.5177415735
412,377,2673,1043,4,2,1,1980,1991,0.0,1,0,0.0,0.0,0.0,0.0,286415.6484700814
413,1252,1764,0,4,2,1,1957,1982,0.0,1,0,0.0,0.0,0.0,0.0,120539.92229573522
414,2156,2090,1220,3,2,1,1995,1996,0.0,1,0,0.0,0.0,0.0,0.0,262858.8635941553
415,499,2612,1225,4,2,1,1998,1999,0.0,1,0,0.0,0.0,0.0,0.0,304894.0238764561
416,1374,1271,720,4,2,0,1948,1950,0.0,1,0,0.0,0.0,0.0,0.0,86525.0261520627
417,2898,2514,1216,4,2,1,1990,1991,0.0,1,0,0.0,0.0,0.0,0.0,284886.0665424811
418,401,864,864,2,1,0,1971,1971,0.0,1,0,0.0,0.0,0.0,0.0,119545.74762773095
419,2721,1803,1134,3,2,0,1957,2000,0.0,1,0,0.0,0.0,0.0,0.0,208924.14937616885
420,2078,2422,1288,4,3,0,1954,1994,0.0,1,0,0.0,0.0,0.0,0.0,248611.5661324854
421,2589,1056,1056,3,1,1,1955,1955,0.0,1,0,0.0,0.0,0.0,0.0,114145.97246353468
422,1946,3086,666,4,3,1,1935,2007,0.0,1,0,0.0,0.0,0.0,0.0,277972.83556145243
423,1334,1290,554,3,1,1,1900,2000,0.0,0,0,0.0,0.0,0.0,0.0,69453.06119782897
424,2781,1541,1541,3,2,0,2001,2002,0.0,1,0,0.0,0.0,0.0,0.0,231457.67129106028
425,431,2020,2006,3,2,1,2009,2009,0.0,1,0,0.0,0.0,0.0,0.0,312298.1663853363
426,576,1226,1226,1,1,0,1981,1981,0.0,1,0,0.0,0.0,0.0,0.0,201773.47775119543
427,1474,1710,856,3,2,1,2003,2003,0.0,1,0,0.0,0.0,0.0,0.0,213922.69189655595
428,2254,918,852,3,1,0,1975,1975,0.0,1,0,0.0,0.0,0.0,0.0,113489.29837158415
429,2155,1668,1626,3,2,0,2002,2002,0.0,1,0,0.0,0.0,0.0,0.0,249549.37192034535
430,885,1126,0,2,2,0,1949,2003,0.0,1,0,0.0,0.0,0.0,0.0,93136.59814663557
431,643,1062,1062,3,1,0,1954,1954,0.0,1,0,0.0,0.0,0.0,0.0,115450.12010383
432,1944,893,845,2,1,0,1949,2003,0.0,1,0,0.0,0.0,0.0,0.0,124478.98307595635
433,480,1594,846,3,2,1,2004,2004,0.0,1,0,0.0,0.0,0.0,0.0,202898.05305581354
434,2845,1273,616,3,1,0,1910,1993,0.0,1,0,0.0,0.0,0.0,0.0,106771.74588066619
435,2387,2376,1158,4,3,1,2005,2006,0.0,1,0,0.0,0.0,0.0,0.0,273600.17139124405
436,2407,1368,1368,2,2,0,2005,2006,0.0,1,0,0.0,0.0,0.0,0.0,224615.49279414443
437,2527,1416,708,3,2,1,1968,1968,0.0,1,0,0.0,0.0,0.0,0.0,136199.75217767013
438,2514,1080,530,2,2,1,2003,2003,0.0,1,0,0.0,0.0,0.0,0.0,147730.00876266975
439,629,1392,1392,2,1,0,1968,1968,0.0,1,0,0.0,0.0,0.0,0.0,197344.25100004906
440,80,1744,996,3,2,1,1993,2003,0.0,1,0,0.0,0.0,0.0,0.0,218766.48318007123
441,1876,1214,1214,3,2,0,1967,1967,0.0,1,0,0.0,0.0,0.0,0.0,142042.05120509444
442,1546,1090,720,3,1,0,1940,2006,0.0,1,0,0.0,0.0,0.0,0.0,119020.10643973481
443,2518,1208,1208,3,1,1,1977,1977,0.0,1,0,0.0,0.0,0.0,0.0,162613.03399551054
444,2347,1102,988,2,1,0,1980,1980,0.0,1,0,0.0,0.0,0.0,0.0,160148.5914793322
445,783,1473,1437,1,1,0,1968,2003,0.0,1,0,0.0,0.0,0.0,0.0,241415.65708567854
446,1322,1086,723,2,1,0,1920,1950,0.0,1,0,0.0,0.0,0.0,0.0,92311.51627693325
447,194,765,765,2,1,0,1925,1950,0.0,1,0,0.0,0.0,0.0,0.0,65050.65594357904
448,1770,2398,1379,3,2,1,1996,1997,0.0,1,0,0.0,0.0,0.0,0.0,303727.172539209
449,2143,864,864,3,1,0,1972,2000,0.0,1,0,0.0,0.0,0.0,0.0,119888.20756761357
450,1229,1820,864,4,1,2,1965,1988,0.0,1,0,0.0,0.0,0.0,0.0,189426.79261870636
451,511,1702,1702,3,2,0,2007,2007,0.0,1,0,0.0,0.0,0.0,0.0,262959.13117876695
452,46,1358,1358,2,2,0,2009,2010,0.0,1,0,0.0,0.0,0.0,0.0,228063.01219268516
453,1348,1774,952,2,2,0,1931,1950,0.0,1,0,0.0,0.0,0.0,0.0,169719.79136245232
454,2465,1553,756,3,2,1,2005,2006,0.0,1,0,0.0,0.0,0.0,0.0,195344.49389285594
455,387,1811,972,3,2,1,2002,2002,0.0,1,0,0.0,0.0,0.0,0.0,229304.30606482178
456,873,1417,1417,3,2,0,1997,1998,0.0,1,0,0.0,0.0,0.0,0.0,208165.0996195646
457,1918,1008,1008,3,1,0,1956,1956,0.0,1,0,0.0,0.0,0.0,0.0,109185.9386368622
458,2764,1915,908,3,2,1,1992,1992,0.0,1,0,0.0,0.0,0.0,0.0,224756.62569699762
459,2184,960,960,2,1,0,1959,2000,0.0,1,0,0.0,0.0,0.0,0.0,141817.37918807706
460,934,1229,561,2,1,1,1980,1992,0.0,1,0,0.0,0.0,0.0,0.0,156292.11612153007
461,1920,1056,1056,3,1,0,1958,1992,0.0,1,0,0.0,0.0,0.0,0.0,136673.76395135839
462,2631,1348,660,3,1,1,1966,1966,0.0,1,0,0.0,0.0,0.0,0.0,135861.78656373452
463,1768,4316,2444,4,3,1,1994,1995,0.0,1,0,0.0,0.0,0.0,0.0,525762.9632891584
464,2040,1196,1196,2,1,0,1916,1990,0.0,1,0,0.0,0.0,0.0,0.0,146477.37801959598
465,1749,1959,847,4,2,1,2004,2005,0.0,1,0,0.0,0.0,0.0,0.0,225294.6223404305
466,834,1759,1449,3,2,1,1992,1993,0.0,1,0,0.0,0.0,0.0,0.0,237837.17787984852
467,1457,2161,1257,3,2,1,2001,2001,0.0,1,0,0.0,0.0,0.0,0.0,278457.1413117931
468,79,752,744,2,1,0,1984,1984,0.0,1,0,0.0,0.0,0.0,0.0,116761.53130873479
469,2302,816,816,2,1,0,1982,1982,0.0,1,0,0.0,0.0,0.0,0.0,124343.55274215154
470,1817,884,840,2,1,0,1983,1983,0.0,1,0,0.0,0.0,0.0,0.0,133749.96164362645
471,2755,1614,1614,3,2,0,2005,2006,0.0,1,0,0.0,0.0,0.0,0.0,247253.5674068113
472,359,1516,707,3,2,1,1994,1995,0.0,1,0,0.0,0.0,0.0,0.0,176879.31079210155
473,2059,897,876,3,1,0,1968,1968,0.0,1,0,0.0,0.0,0.0,0.0,104656.74126702268
474,2092,2243,700,4,2,1,1990,1991,0.0,1,0,0.0,0.0,0.0,0.0,230597.67105680145
475,2516,1568,1568,3,2,0,2001,2002,0.0,1,0,0.0,0.0,0.0,0.0,235661.12611384876
476,150,1064,864,2,1,0,1952,1952,0.0,1,0,0.0,0.0,0.0,0.0,118335.42624697555
477,1656,1620,780,4,2,1,1969,1969,0.0,1,0,0.0,0.0,0.0,0.0,146877.1238711886
478,83,1012,816,2,1,0,1920,1950,0.0,1,0,0.0,0.0,0.0,0.0,89825.25073630968
479,2411,1316,1316,3,2,0,2005,2006,0.0,1,0,0.0,0.0,0.0,0.0,201454.93194646295
480,795,845,0,3,1,0,1957,1957,0.0,1,0,0.0,0.0,0.0,0.0,41542.03261136124
481,2312,2236,964,4,2,1,1997,1997,0.0,1,0,0.0,0.0,0.0,0.0,251010.27688513137
482,2917,630,630,1,1,0,1970,1970,0.0,1,0,0.0,0.0,0.0,0.0,97093.90239234967
483,1624,1553,691,3,2,1,1996,1996,0.0,1,0,0.0,0.0,0.0,0.0,181343.7249048939
484,2215,3194,965,4,2,1,1934,1998,0.0,1,0,0.0,0.0,0.0,0.0,310520.62722361414
485,1211,1136,1136,3,1,0,1965,1965,0.0,1,0,0.0,0.0,0.0,0.0,139265.9967886228
486,1485,848,848,1,1,0,2004,2004,0.0,1,0,0.0,0.0,0.0,0.0,169635.99230037117
487,1024,1211,1211,3,2,0,1976,1976,0.0,1,0,0.0,0.0,0.0,0.0,151988.01960777026
488,570,1256,1145,1,1,1,2008,2008,0.0,1,0,0.0,0.0,0.0,0.0,230216.41693852516
489,2874,1285,861,3,1,0,1926,1950,0.0,1,0,0.0,0.0,0.0,0.0,108017.82692758366
490,700,2372,994,4,2,0,1892,1965,0.0,1,0,0.0,0.0,0.0,0.0,186545.4777093483
491,2756,1498,1498,2,2,0,2006,2006,0.0,1,0,0.0,0.0,0.0,0.0,245173.52350367885
492,2022,2264,1100,4,2,1,1918,1995,0.0,1,0,0.0,0.0,0.0,0.0,211352.0415739934
493,583,2090,1107,3,2,1,1973,1973,0.0,1,0,0.0,0.0,0.0,0.0,231688.2311042524
494,2392,2324,1175,4,3,0,2005,2006,0.0,1,0,0.0,0.0,0.0,0.0,270347.24204448564
495,2424,1414,1375,2,2,0,2004,2004,0.0,1,0,0.0,0.0,0.0,0.0,228002.01801515417
496,212,1392,1212,3,1,0,1915,1950,0.0,1,0,0.0,0.0,0.0,0.0,130881.78580593877
497,736,1348,884,3,1,0,1925,1997,0.0,1,0,0.0,0.0,0.0,0.0,140046.72822054103
498,1610,1968,784,4,2,1,1969,1969,0.0,1,0,0.0,0.0,0.0,0.0,182568.93370585237
499,890,1149,1014,3,1,0,1960,1971,0.0,1,0,0.0,0.0,0.0,0.0,134381.43960942654
500,467,1484,742,3,2,1,2005,2005,0.0,1,0,0.0,0.0,0.0,0.0,187422.67374438094
501,578,2499,392,4,2,1,1976,1976,0.0,1,0,0.0,0.0,0.0,0.0,224495.3845082475
502,1747,1119,835,2,2,0,2004,2005,0.0,1,0,0.0,0.0,0.0,0.0,170520.8153177346
503,1149,1199,1199,2,2,0,1993,1993,0.0,1,0,0.0,0.0,0.0,0.0,184641.6501891776
504,2758,1846,1836,3,2,0,2006,2006,0.0,1,0,0.0,0.0,0.0,0.0,283052.50655759126
505,857,864,864,3,1,0,1978,2005,0.0,1,0,0.0,0.0,0.0,0.0,126433.15086185187
506,2219,2727,853,3,2,1,1932,1994,0.0,1,0,0.0,0.0,0.0,0.0,268924.6997566633
507,733,952,952,2,1,0,1916,1950,0.0,1,0,0.0,0.0,0.0,0.0,88196.48178207036
508,2909,1304,264,3,1,1,1977,1977,0.0,1,0,0.0,0.0,0.0,0.0,123282.32216369314
509,1798,1959,1088,3,2,1,2006,2006,0.0,1,0,0.0,0.0,0.0,0.0,254718.30179837905
510,235,1610,972,4,2,0,1938,1990,0.0,1,0,0.0,0.0,0.0,0.0,149201.53046337562
511,2366,1365,765,3,1,1,1973,1973,0.0,1,0,0.0,0.0,0.0,0.0,151072.56426796736
512,1027,1308,720,3,1,1,1969,1969,0.0,1,0,0.0,0.0,0.0,0.0,138610.9654337908
513,1195,925,912,3,1,0,1965,2005,0.0,1,0,0.0,0.0,0.0,0.0,127089.25007676473
514,1303,407,407,1,1,0,1946,1950,0.0,1,0,0.0,0.0,0.0,0.0,37825.353189803194
515,148,1580,1244,3,1,1,1959,1959,0.0,1,0,0.0,0.0,0.0,0.0,182331.94562406559
516,608,1292,1292,3,1,1,1964,1964,0.0,1,0,0.0,0.0,0.0,0.0,161078.80620807456
517,2515,1694,569,3,2,1,1997,1998,0.0,1,0,0.0,0.0,0.0,0.0,190880.0814871909
518,821,1630,1622,3,2,0,2008,2008,0.0,1,0,0.0,0.0,0.0,0.0,252545.6572646792
519,2500,2417,1288,4,2,1,1991,1992,0.0,1,0,0.0,0.0,0.0,0.0,279950.16354222596
520,745,995,960,2,1,0,1925,1999,0.0,1,0,0.0,0.0,0.0,0.0,124213.97679540282
521,741,1539,927,3,1,1,1936,1950,0.0,1,0,0.0,0.0,0.0,0.0,142712.33827354992
522,1611,1836,686,4,2,0,1900,1950,0.0,1,0,0.0,0.0,0.0,0.0,112793.56351730833
523,2532,980,980,3,2,0,1967,1967,0.0,1,0,0.0,0.0,0.0,0.0,105910.7743867333
524,1081,1455,1415,2,2,0,2003,2003,0.0,1,0,0.0,0.0,0.0,0.0,233365.13739143126
525,1692,2656,1934,3,2,1,2007,2007,0.0,1,0,0.0,0.0,0.0,0.0,370884.2221091911
526,2520,1036,1036,1,1,0,1980,1980,0.0,1,0,0.0,0.0,0.0,0.0,171040.02216465073
527,276,1664,0,4,2,0,1965,1965,0.0,1,0,0.0,0.0,0.0,0.0,107697.53532425594
528,1992,1472,702,3,1,0,1925,1994,0.0,1,0,0.0,0.0,0.0,0.0,141430.33877580613
529,663,599,416,2,1,0,1940,1950,0.0,1,0,0.0,0.0,0.0,0.0,39135.16998271691
530,418,836,836,2,1,0,1976,1976,0.0,1,0,0.0,0.0,0.0,0.0,120929.40928843012
531,1733,1746,698,3,2,1,2006,2007,0.0,1,0,0.0,0.0,0.0,0.0,213278.19999171328
532,2359,1103,1103,3,2,0,1974,1974,0.0,1,0,0.0,0.0,0.0,0.0,132845.7925695083
533,253,1222,1222,2,2,0,2010,2010,0.0,1,0,0.0,0.0,0.0,0.0,207710.33432307374
534,1518,2192,720,4,2,1,1939,1997,0.0,1,0,0.0,0.0,0.0,0.0,198323.7969751428
535,2035,1375,780,3,1,1,1937,1950,0.0,1,0,0.0,0.0,0.0,0.0,118735.91490086028
536,2919,1092,546,3,1,1,1970,1970,0.0,1,0,0.0,0.0,0.0,0.0,108346.13263410656
537,1540,2161,832,3,2,1,1950,2000,0.0,1,0,0.0,0.0,0.0,0.0,224473.12204457726
538,2120,1022,1022,3,1,0,1994,1994,0.0,1,0,0.0,0.0,0.0,0.0,154592.31699306006
539,1674,1337,1337,2,2,0,2001,2001,0.0,1,0,0.0,0.0,0.0,0.0,214897.23135799263
540,256,1052,1010,3,1,0,1971,1971,0.0,1,0,0.0,0.0,0.0,0.0,131165.4235417028
541,2361,864,864,3,1,0,1970,1970,0.0,1,0,0.0,0.0,0.0,0.0,102892.58077770658
542,978,630,630,1,1,0,1970,1970,0.0,1,0,0.0,0.0,0.0,0.0,97446.87561129313
543,2280,936,920,0,0,1,1996,1997,0.0,1,0,0.0,0.0,0.0,0.0,198990.41240488738
544,2095,1982,807,3,2,1,1989,1989,0.0,1,0,0.0,0.0,0.0,0.0,223043.46737663727
545,1709,2468,1136,4,2,1,2004,2004,0.0,1,0,0.0,0.0,0.0,0.0,291681.0018998473
546,2801,2097,1108,3,2,1,1998,1998,0.0,1,0,0.0,0.0,0.0,0.0,260529.3529102332
547,1246,882,720,2,1,0,1952,1952,0.0,1,0,0.0,0.0,0.0,0.0,92100.99351683911
548,2373,987,483,2,1,1,1972,1972,0.0,1,0,0.0,0.0,0.0,0.0,111904.02990302676
549,1055,1582,1582,3,2,0,2007,2007,0.0,1,0,0.0,0.0,0.0,0.0,244392.48188562645
550,2017,1281,756,2,1,0,1926,1950,0.0,1,0,0.0,0.0,0.0,0.0,117467.94727124134
551,1099,2199,1173,3,2,1,1997,1997,0.0,1,0,0.0,0.0,0.0,0.0,273475.13623010134
552,1344,808,0,1,1,0,1945,1995,0.0,1,0,0.0,0.0,0.0,0.0,80524.56435331842
553,835,2126,1013,3,2,1,1967,1967,0.0,1,0,0.0,0.0,0.0,0.0,223593.39829611406
554,1117,1428,1417,3,2,0,2008,2008,0.0,1,0,0.0,0.0,0.0,0.0,221248.74688625103
555,2043,840,672,3,1,0,1930,1950,0.0,1,0,0.0,0.0,0.0,0.0,55445.49050981924
556,2085,1038,1038,2,2,0,1984,1984,0.0,1,0,0.0,0.0,0.0,0.0,149441.30960166687
557,410,1548,804,3,2,1,1976,1976,0.0,1,0,0.0,0.0,0.0,0.0,164142.50391430687
558,2650,1118,648,2,1,0,1920,1950,0.0,1,0,0.0,0.0,0.0,0.0,91435.23815329233
559,2867,1801,697,3,1,1,1930,1959,0.0,1,0,0.0,0.0,0.0,0.0,158112.1869594804
560,1668,950,950,3,1,0,1971,1971,0.0,1,0,0.0,0.0,0.0,0.0,117393.03500336735
561,1161,1250,625,2,2,1,2006,2007,0.0,1,0,0.0,0.0,0.0,0.0,174183.83356561605
562,2122,1200,1200,3,2,0,1995,1995,0.0,1,0,0.0,0.0,0.0,0.0,171739.57308110874
563,2539,1141,1141,3,1,0,1967,1967,0.0,1,0,0.0,0.0,0.0,0.0,142072.0805256986
564,1047,1069,1069,2,2,0,1977,1977,0.0,1,0,0.0,0.0,0.0,0.0,146426.85297387838
565,1445,938,938,3,1,0,1975,1980,0.0,1,0,0.0,0.0,0.0,0.0,122764.56094589178
566,541,1114,1114,3,1,1,2004,2004,0.0,1,0,0.0,0.0,0.0,0.0,179264.30777472118
567,569,1726,1726,2,2,1,2008,2008,0.0,1,0,0.0,0.0,0.0,0.0,281772.77510334505
568,1276,832,832,2,1,0,1954,1954,0.0,1,0,0.0,0.0,0.0,0.0,95095.81479423447
569,918,1228,600,3,1,0,1918,1990,0.0,1,0,0.0,0.0,0.0,0.0,105051.0742570362
570,326,1344,1344,3,2,0,1999,1999,0.0,1,0,0.0,0.0,0.0,0.0,198784.3531388943
571,1936,925,925,3,1,0,1956,2003,0.0,1,0,0.0,0.0,0.0,0.0,121046.61667401716
572,895,876,876,3,1,0,1959,1959,0.0,1,0,0.0,0.0,0.0,0.0,92475.30273150234
573,257,965,870,2,1,0,1996,1996,0.0,1,0,0.0,0.0,0.0,0.0,158659.11567617068
574,1241,1570,1395,3,1,0,1958,1958,0.0,1,0,0.0,0.0,0.0,0.0,188985.34970845282
575,1545,919,894,2,1,0,1926,1998,0.0,1,0,0.0,0.0,0.0,0.0,112982.5143286828
576,1189,1258,1258,3,2,0,1971,2004,0.0,1,0,0.0,0.0,0.0,0.0,170793.8611566918
577,270,848,848,1,1,0,2004,2004,0.0,1,0,0.0,0.0,0.0,0.0,169857.16943343775
578,2066,2654,671,4,3,0,1920,1996,0.0,1,0,0.0,0.0,0.0,0.0,220346.96315643936
579,693,1230,440,2,1,1,1910,1981,0.0,1,0,0.0,0.0,0.0,0.0,101336.9659973369
580,1259,1436,892,3,1,0,1922,1950,0.0,1,0,0.0,0.0,0.0,0.0,122855.69710426591
581,2916,1360,1104,3,1,0,1969,1979,0.0,1,0,0.0,0.0,0.0,0.0,169926.6180846584
582,2321,2212,1700,3,2,1,2005,2006,0.0,1,0,0.0,0.0,0.0,0.0,311596.0147488653
583,1977,1022,1022,2,1,0,1922,1950,0.0,1,0,0.0,0.0,0.0,0.0,102432.64622254623
584,1895,1374,1130,3,1,0,1964,1964,0.0,1,0,0.0,0.0,0.0,0.0,161952.63434890984
585,1240,1261,1261,3,1,0,1958,1958,0.0,1,0,0.0,0.0,0.0,0.0,150523.60725119943
586,85,1155,1109,3,1,0,1961,1995,0.0,1,0,0.0,0.0,0.0,0.0,153271.16335594747
587,1823,1120,1040,3,1,1,1961,1961,0.0,1,0,0.0,0.0,0.0,0.0,126813.41971105011
588,825,1838,1838,3,2,0,2007,2008,0.0,1,0,0.0,0.0,0.0,0.0,284356.14037697436
589,110,1492,1492,3,2,0,2002,2002,0.0,1,0,0.0,0.0,0.0,0.0,225017.9257043954
590,697,1306,240,3,1,1,1910,2003,0.0,1,0,0.0,0.0,0.0,0.0,95067.90195801202
591,2297,796,796,2,1,0,1971,1971,0.0,1,0,0.0,0.0,0.0,0.0,108735.61730257142
592,1231,1144,1144,3,1,0,1961,1961,0.0,1,0,0.0,0.0,0.0,0.0,135936.8365338375
593,1355,1505,883,3,1,0,1940,1982,0.0,1,0,0.0,0.0,0.0,0.0,157248.5020173667
594,968,1838,1838,2,2,0,2006,2006,0.0,1,0,0.0,0.0,0.0,0.0,297823.9327364308
595,584,2067,752,3,2,1,1974,1974,0.0,1,0,0.0,0.0,0.0,0.0,212038.39787227986
596,1315,1540,572,3,1,1,1905,2005,0.0,1,0,0.0,0.0,0.0,0.0,134032.4230663157
597,1606,816,816,2,1,0,1982,2003,0.0,1,0,0.0,0.0,0.0,0.0,135478.44818231836
598,206,816,816,2,1,0,1963,1963,0.0,1,0,0.0,0.0,0.0,0.0,103080.8087997972
599,1685,1816,1790,3,2,0,2006,2007,0.0,1,0,0.0,0.0,0.0,0.0,278323.8423371799
600,2016,1426,966,3,1,0,1930,1992,0.0,1,0,0.0,0.0,0.0,0.0,152479.36273923237
601,869,1870,944,3,2,1,2001,2001,0.0,1,0,0.0,0.0,0.0,0.0,232637.18204785185
602,2135,894,864,3,1,0,1974,1974,0.0,1,0,0.0,0.0,0.0,0.0,110548.6583232116
603,2346,1574,796,3,2,1,1976,1976,0.0,1,0,0.0,0.0,0.0,0.0,166024.91043519787
604,2430,1500,1356,2,2,0,2006,2006,0.0,1,0,0.0,0.0,0.0,0.0,238059.0821684897
605,2198,789,768,2,1,0,1926,1950,0.0,1,0,0.0,0.0,0.0,0.0,67903.28425100166
606,2652,960,960,3,1,0,1955,1955,0.0,1,0,0.0,0.0,0.0,0.0,100526.10054751718
607,27,882,882,2,1,0,1970,1970,0.0,1,0,0.0,0.0,0.0,0.0,121244.79962510662
608,241,1212,1212,3,2,0,2009,2009,0.0,1,0,0.0,0.0,0.0,0.0,189877.17962298868
609,906,1268,832,3,1,1,1938,1950,0.0,1,0,0.0,0.0,0.0,0.0,111350.35993590951
610,1506,1053,585,2,1,1,1938,2007,0.0,1,0,0.0,0.0,0.0,0.0,121527.33151279902
611,2098,2828,1466,4,3,0,2006,2007,0.0,1,0,0.0,0.0,0.0,0.0,338037.43655244075
612,1435,1418,1418,3,2,0,1997,1998,0.0,1,0,0.0,0.0,0.0,0.0,208216.69065301307
613,2213,1226,0,2,1,1,1951,1951,0.0,1,0,0.0,0.0,0.0,0.0,87280.04623832647
614,1274,1320,768,3,2,0,1948,1950,0.0,1,0,0.0,0.0,0.0,0.0,109189.41680484312
615,743,800,264,1,1,0,1936,1950,0.0,1,0,0.0,0.0,0.0,0.0,64410.911909221206
616,1737,1340,1340,3,2,0,2007,2007,0.0,1,0,0.0,0.0,0.0,0.0,207025.297379327
617,2797,2214,1090,3,2,1,1999,1999,0.0,1,0,0.0,0.0,0.0,0.0,272661.2033669511
618,2185,1152,0,2,2,0,1955,1955,0.0,1,0,0.0,0.0,0.0,0.0,74078.67504405137
619,58,1430,384,3,2,1,2000,2000,0.0,1,0,0.0,0.0,0.0,0.0,157696.38489648793
620,830,1232,1232,2,2,0,2007,2007,0.0,1,0,0.0,0.0,0.0,0.0,205726.7456701817
621,808,1535,0,4,2,0,1979,1979,0.0,1,0,0.0,0.0,0.0,0.0,110398.67697403207
622,680,1904,1208,3,1,1,1950,1982,0.0,1,0,0.0,0.0,0.0,0.0,219915.55909054214
623,1153,890,890,3,1,0,1968,1968,0.0,1,0,0.0,0.0,0.0,0.0,104835.4542679144
624,1291,1456,728,4,1,1,1915,2005,0.0,1,0,0.0,0.0,0.0,0.0,124571.29709721403
625,1818,2020,0,4,2,0,1977,1977,0.0,1,0,0.0,0.0,0.0,0.0,157378.05973935826
626,2161,1476,738,3,2,1,2007,2007,0.0,1,0,0.0,0.0,0.0,0.0,188369.29408642137
627,1883,1065,1065,3,1,1,1960,1960,0.0,1,0,0.0,0.0,0.0,0.0,121355.43106321665
628,350,2522,2208,1,2,0,2004,2005,0.0,1,0,0.0,0.0,0.0,0.0,400290.9177479404
629,2473,1131,1131,3,1,1,2005,2006,0.0,1,0,0.0,0.0,0.0,0.0,183192.2283909656
630,295,2177,1032,5,2,1,1950,1991,0.0,1,0,0.0,0.0,0.0,0.0,201689.71289311396
631,293,2447,804,4,2,0,1919,1990,0.0,1,0,0.0,0.0,0.0,0.0,214102.93124874588
632,859,864,864,3,1,0,1972,1972,0.0,1,0,0.0,0.0,0.0,0.0,105444.35012339382
633,288,864,864,2,1,0,1914,1950,0.0,1,0,0.0,0.0,0.0,0.0,73504.6201540432
634,1578,1394,384,3,2,1,2006,2007,0.0,1,0,0.0,0.0,0.0,0.0,161109.0358554297
635,102,1512,756,2,2,1,2000,2000,0.0,1,0,0.0,0.0,0.0,0.0,200532.18306094827
636,2831,1709,970,3,2,0,2004,2006,0.0,1,0,0.0,0.0,0.0,0.0,222849.9069387433
637,1030,1444,1444,2,2,0,1976,1976,0.0,1,0,0.0,0.0,0.0,0.0,203002.08718735166
638,2551,1248,1248,3,1,0,1960,1960,0.0,1,0,0.0,0.0,0.0,0.0,150562.6426192592
639,1286,1539,650,3,2,0,1904,2002,0.0,1,0,0.0,0.0,0.0,0.0,125581.21257211827
640,958,1620,1620,2,2,0,2007,2008,0.0,1,0,0.0,0.0,0.0,0.0,265939.6164826965
641,776,860,840,2,1,0,1982,1982,0.0,1,0,0.0,0.0,0.0,0.0,130353.69639112335
642,72,1468,1468,2,2,0,2005,2005,0.0,1,0,0.0,0.0,0.0,0.0,239906.03703609388
643,2263,1571,1571,3,2,0,2007,2007,0.0,1,0,0.0,0.0,0.0,0.0,242479.71384003013
644,1866,1082,973,3,1,0,1969,1969,0.0,1,0,0.0,0.0,0.0,0.0,129729.8862994127
645,2876,641,641,2,1,0,1925,1950,0.0,1,0,0.0,0.0,0.0,0.0,45479.220372093376
646,2146,2169,1284,3,2,1,2002,2002,0.0,1,0,0.0,0.0,0.0,0.0,281689.2176732281
647,103,1416,696,3,2,1,1999,1999,0.0,1,0,0.0,0.0,0.0,0.0,171331.9289666242
648,1500,1072,547,2,1,0,2005,2005,0.0,1,0,0.0,0.0,0.0,0.0,162811.5365232476
649,492,1675,841,3,2,1,1999,1999,0.0,1,0,0.0,0.0,0.0,0.0,205197.47889552824
650,167,1175,1175,3,1,1,1960,1960,0.0,1,0,0.0,0.0,0.0,0.0,138596.4614721788
651,2597,833,833,2,1,0,1954,2000,0.0,1,0,0.0,0.0,0.0,0.0,119122.43058702862
652,2685,1048,993,2,1,0,1922,1950,0.0,1,0,0.0,0.0,0.0,0.0,103447.5326816421
653,1035,1054,1054,3,1,1,1969,1969,0.0,1,0,0.0,0.0,0.0,0.0,130069.49663139274
654,1220,720,0,2,1,0,1949,1950,0.0,1,0,0.0,0.0,0.0,0.0,35289.99733156059
655,2602,1595,663,3,2,0,1915,1950,0.0,1,0,0.0,0.0,0.0,0.0,111232.109077489
656,2159,1928,847,4,2,1,2003,2004,0.0,1,0,0.0,0.0,0.0,0.0,220920.62885510456
657,695,1944,972,4,2,0,1910,1950,0.0,1,0,0.0,0.0,0.0,0.0,144978.97004877077
658,1109,2127,1223,3,2,1,1994,1994,0.0,1,0,0.0,0.0,0.0,0.0,265313.7836475265
659,640,1382,1362,3,1,0,1962,1962,0.0,1,0,0.0,0.0,0.0,0.0,172771.93342498597
660,1652,1032,1032,3,2,0,1978,1978,0.0,1,0,0.0,0.0,0.0,0.0,126604.51287512388
661,2090,1822,1105,4,2,0,1984,1984,0.0,1,0,0.0,0.0,0.0,0.0,202529.09141385788
662,1188,1740,1740,4,1,1,1968,1968,0.0,1,0,0.0,0.0,0.0,0.0,219318.50263217604
663,2345,2263,795,3,2,1,1977,1994,0.0,1,0,0.0,0.0,0.0,0.0,246261.34655954223
664,1059,2748,1850,4,2,1,2006,2006,0.0,1,0,0.0,0.0,0.0,0.0,359717.43775349297
665,2751,1876,1308,3,2,1,2005,2006,0.0,1,0,0.0,0.0,0.0,0.0,256898.89833841706
666,128,2461,1140,3,2,0,1952,2002,0.0,1,0,0.0,0.0,0.0,0.0,274758.8943676171
667,1523,1920,960,4,2,2,1930,1950,0.0,1,0,0.0,0.0,0.0,0.0,151726.27168300282
668,2925,1224,1224,4,1,0,1960,1996,0.0,1,0,0.0,0.0,0.0,0.0,150515.03269392392
669,2145,2000,2000,3,2,0,2004,2005,0.0,1,0,0.0,0.0,0.0,0.0,305629.6158084031
670,1121,1372,1363,3,2,0,2007,2008,0.0,1,0,0.0,0.0,0.0,0.0,212118.73309520073
671,566,3005,1376,3,2,1,2004,2005,0.0,1,0,0.0,0.0,0.0,0.0,374782.31166613335
672,565,1755,975,3,2,1,1991,2008,0.0,1,0,0.0,0.0,0.0,0.0,220099.53802820668
673,1331,1738,1024,3,2,0,1935,1950,0.0,1,0,0.0,0.0,0.0,0.0,157096.48226290895
674,2928,970,912,3,1,0,1992,1992,0.0,1,0,0.0,0.0,0.0,0.0,141150.83312756103
675,156,1086,1086,3,1,0,1954,2003,0.0,1,0,0.0,0.0,0.0,0.0,144918.08872830076
676,797,1716,768,3,1,1,1949,2008,0.0,1,0,0.0,0.0,0.0,0.0,190883.11308148317
677,327,1092,546,3,1,1,1973,1973,0.0,1,0,0.0,0.0,0.0,0.0,112235.49780334532
678,2859,1550,817,3,1,1,1920,1950,0.0,1,0,0.0,0.0,0.0,0.0,127893.46082597505
679,1453,780,780,2,1,0,1972,1972,0.0,1,0,0.0,0.0,0.0,0.0,107566.08222447289
680,1762,2551,1779,4,2,1,1997,1998,0.0,1,0,0.0,0.0,0.0,0.0,326089.8081731829
681,1868,1610,1124,3,2,0,1972,1987,0.0,1,0,0.0,0.0,0.0,0.0,191295.1879739971
682,1760,1644,941,3,2,1,1999,2000,0.0,1,0,0.0,0.0,0.0,0.0,207526.21092077577
683,1113,1574,1574,3,2,0,2006,2006,0.0,1,0,0.0,0.0,0.0,0.0,242011.57541675773
684,1812,1820,864,3,2,1,1993,1997,0.0,1,0,0.0,0.0,0.0,0.0,216195.42629867047
685,117,1645,715,4,1,2,1971,1971,0.0,1,0,0.0,0.0,0.0,0.0,158826.55955210607
686,1142,1679,1408,3,2,0,1994,1998,0.0,1,0,0.0,0.0,0.0,0.0,232512.26354451384
687,2342,2000,1910,3,2,1,2005,2005,0.0,1,0,0.0,0.0,0.0,0.0,300367.0479133059
688,927,1112,1112,2,1,0,1954,1954,0.0,1,0,0.0,0.0,0.0,0.0,138250.46010939637
689,2478,1837,941,3,2,1,1997,1998,0.0,1,0,0.0,0.0,0.0,0.0,224791.85417786613
690,655,792,792,2,1,0,1958,1958,0.0,1,0,0.0,0.0,0.0,0.0,93609.68164608348
691,2064,912,912,3,1,0,1966,1966,0.0,1,0,0.0,0.0,0.0,0.0,105777.0002168375
692,369,1530,1530,3,2,0,2005,2005,0.0,1,0,0.0,0.0,0.0,0.0,234236.37800261052
693,2239,1012,1012,2,1,0,1920,1950,0.0,1,0,0.0,0.0,0.0,0.0,99616.03629157832
694,2732,1453,1453,2,1,1,1986,1986,0.0,1,0,0.0,0.0,0.0,0.0,225688.56138130417
695,1653,1177,1153,3,2,0,1984,1984,0.0,1,0,0.0,0.0,0.0,0.0,154507.4831946646
696,959,1692,846,3,2,1,2009,2009,0.0,1,0,0.0,0.0,0.0,0.0,218496.9833976389
697,2395,2358,1524,4,2,1,2005,2006,0.0,1,0,0.0,0.0,0.0,0.0,302164.64111188706
698,1412,864,864,2,1,0,1975,1975,0.0,1,0,0.0,0.0,0.0,0.0,123918.40056662587
699,271,1668,1657,3,2,0,2003,2003,0.0,1,0,0.0,0.0,0.0,0.0,252642.12438688474
700,1484,848,848,1,1,0,2004,2004,0.0,1,0,0.0,0.0,0.0,0.0,169636.17433916405
701,1497,1132,1132,2,1,1,2005,2005,0.0,1,0,0.0,0.0,0.0,0.0,198156.79253387637
702,552,1882,0,4,2,0,1981,1981,0.0,1,0,0.0,0.0,0.0,0.0,148097.2989566289
703,2,896,882,2,1,0,1961,1961,0.0,1,0,0.0,0.0,0.0,0.0,112423.96862821607
704,1855,2362,2002,3,2,1,1980,1980,0.0,1,0,0.0,0.0,0.0,0.0,313659.05470942194
705,4,2110,2110,3,2,1,1968,1968,0.0,1,0,0.0,0.0,0.0,0.0,280247.87276951363
706,2292,1062,1029,3,1,0,1976,1976,0.0,1,0,0.0,0.0,0.0,0.0,138497.22733507538
707,134,1268,1268,2,1,0,1954,1954,0.0,1,0,0.0,0.0,0.0,0.0,162402.72311888868
708,646,1005,1005,2,1,0,1955,1955,0.0,1,0,0.0,0.0,0.0,0.0,122973.82521366561
709,42,1698,1698,3,2,0,2005,2005,0.0,1,0,0.0,0.0,0.0,0.0,260150.5729537229
710,532,1553,1553,3,2,0,2003,2004,0.0,1,0,0.0,0.0,0.0,0.0,235992.18563384935
711,713,1452,736,2,2,0,1920,2008,0.0,1,0,0.0,0.0,0.0,0.0,149426.75843208143
712,2561,1216,1056,3,1,0,1951,1951,0.0,1,0,0.0,0.0,0.0,0.0,127070.6953785657
713,2360,1096,1096,3,1,0,1969,1969,0.0,1,0,0.0,0.0,0.0,0.0,137457.65497748554
714,1333,1210,672,3,1,0,1941,2006,0.0,1,0,0.0,0.0,0.0,0.0,129412.96500824671
715,1407,2358,907,5,3,0,1908,1997,0.0,1,0,0.0,0.0,0.0,0.0,180541.06200931733
716,2892,2519,1210,4,2,1,1989,1990,0.0,1,0,0.0,0.0,0.0,0.0,283945.9598535462
717,574,1739,970,3,2,1,1999,2000,0.0,1,0,0.0,0.0,0.0,0.0,218933.2509056558
718,1227,1661,992,3,1,0,1955,1996,0.0,1,0,0.0,0.0,0.0,0.0,195401.20802316815
719,2591,2039,929,3,1,1,1941,1963,0.0,1,0,0.0,0.0,0.0,0.0,203339.65401254874
720,1476,1436,1436,3,2,0,2004,2004,0.0,1,0,0.0,0.0,0.0,0.0,218429.38503746456
721,1125,1992,1053,3,2,1,2003,2004,0.0,1,0,0.0,0.0,0.0,0.0,253493.1205011392
722,1446,985,985,3,2,0,1977,1977,0.0,1,0,0.0,0.0,0.0,0.0,118269.68808578374
723,408,1302,630,3,2,1,1972,1972,0.0,1,0,0.0,0.0,0.0,0.0,125468.34226996452
724,1101,2198,1145,4,2,1,2000,2000,0.0,1,0,0.0,0.0,0.0,0.0,260178.4024747843
725,2251,1392,1441,3,2,0,2002,2002,0.0,1,0,0.0,0.0,0.0,0.0,211784.31245577428
726,373,1411,1386,3,2,0,1977,1977,0.0,1,0,0.0,0.0,0.0,0.0,182726.1820284333
727,2554,1043,938,2,1,0,1947,1950,0.0,1,0,0.0,0.0,0.0,0.0,115478.46760325227
728,2382,1618,1618,2,2,0,2004,2004,0.0,1,0,0.0,0.0,0.0,0.0,261430.8791229385
729,1985,1141,570,3,1,0,1900,1950,0.0,1,0,0.0,0.0,0.0,0.0,62391.752856435254
730,519,1314,1300,3,2,0,2009,2009,0.0,1,0,0.0,0.0,0.0,0.0,204796.6742006382
731,1093,1792,936,3,2,1,2000,2000,0.0,1,0,0.0,0.0,0.0,0.0,223090.15769249247
732,864,2184,1068,4,2,1,2003,2003,0.0,1,0,0.0,0.0,0.0,0.0,258211.3195010135
733,2889,1004,975,2,1,0,1977,1977,0.0,1,0,0.0,0.0,0.0,0.0,145966.72622414632
734,2308,1797,1617,3,1,1,1957,1957,0.0,1,0,0.0,0.0,0.0,0.0,221161.05255200155
735,986,1362,796,1,1,1,1993,1995,0.0,1,0,0.0,0.0,0.0,0.0,206774.8363874834
736,1302,1499,904,3,1,0,1946,1950,0.0,1,0,0.0,0.0,0.0,0.0,144653.01292694313
737,585,1395,723,3,1,1,1972,1972,0.0,1,0,0.0,0.0,0.0,0.0,151133.71703987988
738,2708,1068,1059,3,1,0,1963,2003,0.0,1,0,0.0,0.0,0.0,0.0,146750.547354355
739,147,1206,1206,3,1,0,1959,1959,0.0,1,0,0.0,0.0,0.0,0.0,143397.42327073915
740,1441,1494,1494,3,2,0,2002,2002,0.0,1,0,0.0,0.0,0.0,0.0,225083.4257412143
741,383,1868,780,4,2,1,1976,1976,0.0,1,0,0.0,0.0,0.0,0.0,180364.54635738814
742,285,1526,1216,4,1,0,1957,2002,0.0,1,0,0.0,0.0,0.0,0.0,182666.5586907328
743,181,1245,1008,3,1,0,1920,1962,0.0,1,0,0.0,0.0,0.0,0.0,114668.40217513312
744,358,1470,680,3,2,1,1993,1993,0.0,1,0,0.0,0.0,0.0,0.0,169124.01792535977
745,780,2071,825,4,1,1,1956,1956,0.0,1,0,0.0,0.0,0.0,0.0,191926.09819152253
746,258,1692,878,3,2,1,1997,1998,0.0,1,0,0.0,0.0,0.0,0.0,207141.28320287121
747,1865,2411,1008,4,2,1,1970,1970,0.0,1,0,0.0,0.0,0.0,0.0,240459.74950128142
748,692,1224,818,3,1,0,1926,2004,0.0,1,0,0.0,0.0,0.0,0.0,128269.31694664154
749,2902,2028,1868,2,2,0,2005,2006,0.0,1,0,0.0,0.0,0.0,0.0,317784.4283570959
750,508,1696,1696,3,2,0,2008,2008,0.0,1,0,0.0,0.0,0.0,0.0,263175.4698252133
751,2638,1668,1212,3,1,0,1948,1950,0.0,1,0,0.0,0.0,0.0,0.0,178870.12419912592
752,36,1456,855,3,2,1,1978,1978,0.0,1,0,0.0,0.0,0.0,0.0,159760.0489267786
753,611,1445,1127,3,1,1,1964,1964,0.0,1,0,0.0,0.0,0.0,0.0,168102.65410364186
754,2281,1040,1064,3,1,0,1963,1963,0.0,1,0,0.0,0.0,0.0,0.0,123265.70199131081
755,1678,1218,672,4,1,1,1973,1973,0.0,1,0,0.0,0.0,0.0,0.0,116223.3673170465
756,1696,2552,2552,3,2,0,2007,2007,0.0,1,0,0.0,0.0,0.0,0.0,393555.7248882251
757,1557,1049,356,2,1,0,1910,2000,0.0,1,0,0.0,0.0,0.0,0.0,89489.52200188208
758,2180,1408,734,3,2,1,2005,2006,0.0,1,0,0.0,0.0,0.0,0.0,179471.84983817395
759,1726,1324,1324,2,2,0,2006,2006,0.0,1,0,0.0,0.0,0.0,0.0,218582.9741846919
760,951,926,902,2,1,0,1977,1977,0.0,1,0,0.0,0.0,0.0,0.0,134575.34135206556
761,267,2098,1040,4,2,1,1997,1997,0.0,1,0,0.0,0.0,0.0,0.0,241263.24164630892
762,2706,1382,1051,3,1,1,1963,1979,0.0,1,0,0.0,0.0,0.0,0.0,164598.385596551
763,2221,1839,1477,3,2,0,1957,2004,0.0,1,0,0.0,0.0,0.0,0.0,232602.5663249949
764,1357,1984,1242,5,2,0,1910,1983,0.0,1,0,0.0,0.0,0.0,0.0,165105.4761708714
765,2901,1960,1728,3,2,0,2005,2006,0.0,1,0,0.0,0.0,0.0,0.0,288421.63851900725
766,347,1628,384,3,2,1,1996,1997,0.0,1,0,0.0,0.0,0.0,0.0,173795.68265034351
767,2164,1190,1169,2,2,0,2005,2005,0.0,1,0,0.0,0.0,0.0,0.0,195650.82807601383
768,1586,2262,1482,4,2,1,2003,2003,0.0,1,0,0.0,0.0,0.0,0.0,287540.85980284074
769,360,1190,1181,3,2,0,1993,1993,0.0,1,0,0.0,0.0,0.0,0.0,167775.41127724713
770,1769,2013,1117,3,2,1,1996,1997,0.0,1,0,0.0,0.0,0.0,0.0,250867.58908753423
771,2617,1472,0,2,2,0,1959,1959,0.0,1,0,0.0,0.0,0.0,0.0,111177.98305834271
772,1879,1728,1728,6,2,0,1964,1964,0.0,1,0,0.0,0.0,0.0,0.0,172255.36578632286
773,991,2117,1205,4,2,1,1970,1970,0.0,1,0,0.0,0.0,0.0,0.0,220883.29033548897
774,1535,1374,884,3,1,0,1938,1950,0.0,1,0,0.0,0.0,0.0,0.0,125909.02234703582
775,1191,1625,1625,4,2,0,1965,1965,0.0,1,0,0.0,0.0,0.0,0.0,187982.8025726038
776,1579,1612,796,3,2,1,2008,2008,0.0,1,0,0.0,0.0,0.0,0.0,206491.86144071864
777,1882,958,958,2,1,0,1960,1998,0.0,1,0,0.0,0.0,0.0,0.0,141131.1352816918
778,1510,1470,941,4,2,0,1954,1972,0.0,1,0,0.0,0.0,0.0,0.0,133490.99666337296
779,2196,2592,1296,6,2,0,1923,1950,0.0,1,0,0.0,0.0,0.0,0.0,205277.5882951012
780,1845,1512,756,2,2,1,2000,2000,0.0,1,0,0.0,0.0,0.0,0.0,200214.889445364
781,2336,2795,1390,4,3,1,2005,2006,0.0,1,0,0.0,0.0,0.0,0.0,328376.5667355419
782,942,1192,596,3,1,0,1920,1950,0.0,1,0,0.0,0.0,0.0,0.0,81430.94672306487
783,861,768,768,2,1,0,1972,2003,0.0,1,0,0.0,0.0,0.0,0.0,122077.28191620251
784,2555,1230,747,3,1,1,1946,1950,0.0,1,0,0.0,0.0,0.0,0.0,107679.98344298685
785,1392,1383,1383,3,1,0,1954,1954,0.0,1,0,0.0,0.0,0.0,0.0,164714.6570562278
786,2099,1651,1643,3,2,0,2007,2007,0.0,1,0,0.0,0.0,0.0,0.0,254405.6716813501
787,1543,1032,516,2,1,0,1980,1980,0.0,1,0,0.0,0.0,0.0,0.0,128636.09569759527
788,948,2149,1434,1,1,1,2003,2003,0.0,1,0,0.0,0.0,0.0,0.0,330500.54195263144
789,1239,1440,1248,2,2,0,1959,1998,0.0,1,0,0.0,0.0,0.0,0.0,193450.85742164962
790,22,1173,1053,3,2,0,1974,1974,0.0,1,0,0.0,0.0,0.0,0.0,137809.345962537
791,2796,1654,1654,3,2,0,2002,2002,0.0,1,0,0.0,0.0,0.0,0.0,249460.2567637642
792,2747,1298,1298,3,2,0,1985,1985,0.0,1,0,0.0,0.0,0.0,0.0,175315.95326183457
793,92,2349,1231,4,2,1,1993,1993,0.0,1,0,0.0,0.0,0.0,0.0,272249.18498595944
794,210,1675,1422,3,2,0,1959,1959,0.0,1,0,0.0,0.0,0.0,0.0,191033.66060923738
795,1858,1295,1057,1,1,0,1978,1998,0.0,1,0,0.0,0.0,0.0,0.0,206860.07302897703
796,2228,1020,1004,1,1,0,1988,1988,0.0,1,0,0.0,0.0,0.0,0.0,176912.9298220328
797,447,1502,1502,3,2,0,2009,2009,0.0,1,0,0.0,0.0,0.0,0.0,234469.7617573929
798,827,1604,1604,3,2,1,2006,2006,0.0,1,0,0.0,0.0,0.0,0.0,245514.8508790685
799,1649,1930,780,4,2,1,1979,1979,0.0,1,0,0.0,0.0,0.0,0.0,189871.9739461434
800,682,1339,1029,3,1,0,1958,1965,0.0,1,0,0.0,0.0,0.0,0.0,150192.35841819132
801,2698,984,984,3,1,0,1930,1950,0.0,1,0,0.0,0.0,0.0,0.0,86215.90892189275
802,494,1430,384,3,2,1,1999,1999,0.0,1,0,0.0,0.0,0.0,0.0,156477.84244332835
803,214,1884,707,4,1,1,1907,1950,0.0,1,0,0.0,0.0,0.0,0.0,133556.43687457265
804,2441,2322,1035,4,3,1,2006,2006,0.0,1,0,0.0,0.0,0.0,0.0,262309.96233705943
805,2679,1015,768,3,1,0,1925,1950,0.0,1,0,0.0,0.0,0.0,0.0,75082.31367726019
806,1336,949,949,2,1,0,1924,2003,0.0,1,0,0.0,0.0,0.0,0.0,120327.40257434547
807,465,1456,728,3,2,1,2005,2005,0.0,1,0,0.0,0.0,0.0,0.0,183841.30224375753
808,1524,1316,644,2,1,0,1926,1950,0.0,1,0,0.0,0.0,0.0,0.0,115306.63572391961
809,2543,864,864,3,1,0,1958,1958,0.0,1,0,0.0,0.0,0.0,0.0,89189.36724265944
810,631,1144,1169,3,1,0,1956,1956,0.0,1,0,0.0,0.0,0.0,0.0,131649.0774677489
811,2452,2494,1290,4,2,1,1994,1995,0.0,1,0,0.0,0.0,0.0,0.0,291329.8222430642
812,228,1386,672,3,2,1,1978,1978,0.0,1,0,0.0,0.0,0.0,0.0,143081.35722466
813,126,1728,1728,6,2,0,1962,2001,0.0,1,0,0.0,0.0,0.0,0.0,190739.92610017397
814,1092,1358,1350,2,2,0,2007,2008,0.0,1,0,0.0,0.0,0.0,0.0,225178.60922247684
815,1122,1372,1372,3,2,0,2007,2008,0.0,1,0,0.0,0.0,0.0,0.0,212586.14978462225
816,932,1906,1310,3,1,1,1954,1954,0.0,1,0,0.0,0.0,0.0,0.0,213155.31999151316
817,1980,1047,641,2,1,0,1885,1995,0.0,1,0,0.0,0.0,0.0,0.0,86020.58793221228
818,2171,960,960,3,1,0,1965,1965,0.0,1,0,0.0,0.0,0.0,0.0,112005.39660243504
819,551,1400,676,3,2,1,1986,1986,0.0,1,0,0.0,0.0,0.0,0.0,153770.94855752494
820,2768,1388,1388,3,2,0,1968,1968,0.0,1,0,0.0,0.0,0.0,0.0,169796.89541703183
821,2056,894,894,3,1,0,1966,1966,0.0,1,0,0.0,0.0,0.0,0.0,103008.31349868746
822,1159,2786,1848,4,2,1,1993,1994,0.0,1,0,0.0,0.0,0.0,0.0,349184.0408473513
823,2645,1951,938,4,2,0,1900,1950,0.0,1,0,0.0,0.0,0.0,0.0,137421.36317277327
824,1174,1404,672,3,2,1,1999,2000,0.0,1,0,0.0,0.0,0.0,0.0,169190.93826025212
825,2266,1717,1156,3,2,1,1990,1991,0.0,1,0,0.0,0.0,0.0,0.0,215793.67520742025
826,2462,2640,2036,3,3,1,2006,2006,0.0,1,0,0.0,0.0,0.0,0.0,361888.0782326469
827,1219,1118,1118,3,1,0,1960,2000,0.0,1,0,0.0,0.0,0.0,0.0,151766.52297193324
828,2922,1728,1728,4,2,0,1976,1976,0.0,1,0,0.0,0.0,0.0,0.0,216049.9763541161
829,118,1232,1232,3,1,1,1966,1966,0.0,1,0,0.0,0.0,0.0,0.0,154212.54220063286
830,474,1145,1145,2,2,0,2005,2006,0.0,1,0,0.0,0.0,0.0,0.0,190648.37959402567
831,2576,1383,1383,3,1,1,1960,1960,0.0,1,0,0.0,0.0,0.0,0.0,170168.47168325447
832,872,1828,1822,3,2,0,2002,2003,0.0,1,0,0.0,0.0,0.0,0.0,276801.01602125494
833,1077,1342,1342,2,2,0,2006,2007,0.0,1,0,0.0,0.0,0.0,0.0,221995.4602201106
834,1536,1091,1091,2,1,0,1951,1951,0.0,1,0,0.0,0.0,0.0,0.0,131490.24433273822
835,1150,984,984,3,1,0,1963,1963,0.0,1,0,0.0,0.0,0.0,0.0,113606.43516858527
836,2341,1826,1814,3,2,0,2005,2006,0.0,1,0,0.0,0.0,0.0,0.0,279331.5954982438
837,1931,1154,864,3,1,1,1953,2006,0.0,1,0,0.0,0.0,0.0,0.0,139784.8176168697
838,2785,971,971,3,1,1,1969,1969,0.0,1,0,0.0,0.0,0.0,0.0,116977.49144621752
839,2538,1051,1051,3,1,0,1966,1966,0.0,1,0,0.0,0.0,0.0,0.0,127082.37388247019
840,597,2061,1165,4,2,1,1974,1974,0.0,1,0,0.0,0.0,0.0,0.0,217724.77165068453
841,464,1626,764,2,2,0,2003,2004,0.0,1,0,0.0,0.0,0.0,0.0,217610.6634174441
842,233,1524,1332,0,0,1,1979,1979,0.0,1,0,0.0,0.0,0.0,0.0,260820.08183373697
843,2169,936,936,2,1,0,1967,1967,0.0,1,0,0.0,0.0,0.0,0.0,125747.78099803254
844,2123,1308,635,3,2,1,1997,2006,0.0,1,0,0.0,0.0,0.0,0.0,159224.7082994543
845,1867,1295,1295,3,1,1,1968,1968,0.0,1,0,0.0,0.0,0.0,0.0,165868.00403114175
846,137,2207,1947,3,2,0,1970,1989,0.0,1,0,0.0,0.0,0.0,0.0,295047.08343148744
847,515,1852,900,3,2,1,2009,2009,0.0,1,0,0.0,0.0,0.0,0.0,237694.02829808556
848,933,1032,516,2,1,0,1980,1980,0.0,1,0,0.0,0.0,0.0,0.0,128747.13936111005
849,2784,1282,995,3,2,0,1978,1978,0.0,1,0,0.0,0.0,0.0,0.0,149961.44980228646
850,972,1204,1204,2,2,0,1998,1998,0.0,1,0,0.0,0.0,0.0,0.0,191139.2229278842
851,599,1342,1372,3,2,0,1967,1967,0.0,1,0,0.0,0.0,0.0,0.0,163531.9720399552
852,2614,864,864,2,1,0,1959,1959,0.0,1,0,0.0,0.0,0.0,0.0,105472.81330481684
853,2582,943,943,2,1,0,1979,1979,0.0,1,0,0.0,0.0,0.0,0.0,140419.95929586794
854,1409,1674,1163,4,2,0,1918,1950,0.0,1,0,0.0,0.0,0.0,0.0,132168.08456339128
855,175,1605,840,3,2,0,1915,1950,0.0,1,0,0.0,0.0,0.0,0.0,121889.43975548865
856,352,1478,1418,2,2,0,1998,1998,0.0,1,0,0.0,0.0,0.0,0.0,230302.49489159603
857,976,630,630,1,1,0,1970,2002,0.0,1,0,0.0,0.0,0.0,0.0,114221.63426485471
858,2134,1668,840,3,2,1,2003,2003,0.0,1,0,0.0,0.0,0.0,0.0,208689.71999732545
859,984,833,833,3,1,0,1985,1985,0.0,1,0,0.0,0.0,0.0,0.0,115460.04940626258
860,2396,1944,1896,3,2,0,2003,2004,0.0,1,0,0.0,0.0,0.0,0.0,293332.667892769
861,1673,767,723,1,1,0,1998,1998,0.0,1,0,0.0,0.0,0.0,0.0,148015.04591492703
862,404,1365,765,3,1,1,1970,1970,0.0,1,0,0.0,0.0,0.0,0.0,148012.20376044558
863,607,1313,1313,3,1,1,1961,1995,0.0,1,0,0.0,0.0,0.0,0.0,178716.09539838508
864,814,1229,1094,2,0,2,1979,1979,0.0,1,0,0.0,0.0,0.0,0.0,186796.12237334996
865,868,1725,840,3,2,1,2002,2002,0.0,1,0,0.0,0.0,0.0,0.0,213591.6685474515
866,2271,1491,1491,3,2,0,1996,1996,0.0,1,0,0.0,0.0,0.0,0.0,217635.60180117562
867,1633,2090,1190,3,2,0,1984,1984,0.0,1,0,0.0,0.0,0.0,0.0,249505.9913694826
868,337,2432,1216,4,4,2,1985,1986,0.0,1,0,0.0,0.0,0.0,0.0,247361.1310397787
869,2765,1582,1624,4,2,0,1964,1964,0.0,1,0,0.0,0.0,0.0,0.0,182121.66347034788
870,1746,1530,1530,3,2,0,2004,2004,0.0,1,0,0.0,0.0,0.0,0.0,232846.53704556962
871,368,2046,2046,3,2,1,2008,2008,0.0,1,0,0.0,0.0,0.0,0.0,315899.1547969724
872,2806,1390,1390,3,2,0,2003,2003,0.0,1,0,0.0,0.0,0.0,0.0,209968.84549753368
873,1662,1877,1084,4,2,1,1974,1974,0.0,1,0,0.0,0.0,0.0,0.0,194565.2903792779
874,1234,1988,1104,4,2,1,1966,1999,0.0,1,0,0.0,0.0,0.0,0.0,215183.01505179144
875,1373,1211,952,3,1,0,1968,1968,0.0,1,0,0.0,0.0,0.0,0.0,140739.8374519078
876,1672,864,864,3,1,0,1971,1971,0.0,1,0,0.0,0.0,0.0,0.0,104157.17904540617
877,1939,925,923,3,1,0,1955,1955,0.0,1,0,0.0,0.0,0.0,0.0,95165.59415611671
